<step title="Incoming Request" date="2025-07-27T12:40:35.066" instance="4e34fd" url="/api/publish?type=zip" method="POST" type="request" pid="768,1,7" Accept="*/*" Host="tenant-optimizer-web.scm.azurewebsites.net" User-Agent="AZURECLI/2.75.0 (DEB)" Accept-Encoding="gzip, deflate" Authorization="Bas..." Cache-Control="no-cache" Content-Type="application/octet-stream" Cookie="ARRAffinity=4e34fd1dcf287fe6e10b93d54f0687cf933ff0e6150f35901216ccdf393ab071; ARRAffinitySameSite=4e34fd1dcf287fe6e10b93d54f0687cf933ff0e6150f35901216ccdf393ab071" Content-Length="122505" x-ms-client-request-id="e0550194-6ae6-11f0-ab6d-6045bd48de4b" x-ms-artifact-checksum="a7e118f60adb65bc57ab6810d8f8309e86021cbd27f8ca14a03fc516e4d35d0e" X-ARR-LOG-ID="e0550194-6ae6-11f0-ab6d-6045bd48de4b" CLIENT-IP="64.236.135.3:40961" X-SITE-DEPLOYMENT-ID="tenant-optimizer-web" WAS-DEFAULT-HOSTNAME="tenant-optimizer-web.scm.azurewebsites.net" X-Forwarded-Proto="https" X-AppService-Proto="https" X-Forwarded-TlsVersion="1.3" X-WAWS-Unencoded-URL="/api/publish?type=zip" X-Client-IP="64.236.135.3" X-Client-Port="40961" >
  <step title="OneDeploy" date="2025-07-27T12:40:35.111" >
    <step title="None repository commit" date="2025-07-27T12:40:35.365" >
      <step title="Commit id: 0a159699-9e37-4c2d-a7fb-62875132ac3c" date="2025-07-27T12:40:35.370" Message="N/A" AuthorName="N/A" AuthorEmail="N/A" /><!-- duration: 2ms -->
    </step><!-- duration: 11ms -->
    <step title="Starting PushDeployAsync" date="2025-07-27T12:40:35.379" /><!-- duration: 5ms -->
    <step title="Writing artifact to /tmp/zipdeploy/79987fd5-8792-47f7-b875-0bc98c651ee9.zip" date="2025-07-27T12:40:35.408" >
      <step title="Writing multipart request body to /tmp/zipdeploy/79987fd5-8792-47f7-b875-0bc98c651ee9.zip" date="2025-07-27T12:40:35.412" /><!-- duration: 6ms -->
    </step><!-- duration: 54ms -->
    <step title="Attempting to fetch target branch HEAD" date="2025-07-27T12:40:35.481" /><!-- duration: 2ms -->
    <step title="Acquiring Deployment Lock" date="2025-07-27T12:40:35.492" /><!-- duration: 3ms -->
    <step title="Acquired Deployment Lock" date="2025-07-27T12:40:35.572" /><!-- duration: 2ms -->
    <step title="Performing fetch based deployment" date="2025-07-27T12:40:35.584" >
      <step title="Creating temporary deployment" date="2025-07-27T12:40:35.588" /><!-- duration: 102ms -->
      <step title="Releasing Deployment Lock" date="2025-07-27T12:40:36.953" /><!-- duration: 7ms -->
      <step title="Cleaning up temp folders from previous zip deployments and extracting pushed zip file /tmp/zipdeploy/79987fd5-8792-47f7-b875-0bc98c651ee9.zip (0.12 MB) to /tmp/zipdeploy/extracted" date="2025-07-27T12:40:36.980" >
        <step title="ChmodRecursive Process exited with total time taken in ms: 17" date="2025-07-27T12:40:37.028" /><!-- duration: 3ms -->
      </step><!-- duration: 85ms -->
      <step title="None repository commit" date="2025-07-27T12:40:37.074" >
        <step title="Commit id: 0a159699-9e37-4c2d-a7fb-62875132ac3c" date="2025-07-27T12:40:37.077" Message="OneDeploy" AuthorName="N/A" AuthorEmail="N/A" /><!-- duration: 2ms -->
      </step><!-- duration: 12ms -->
      <step title="Deployment timer started" date="2025-07-27T12:40:39.093" >
        <step title="DeploymentManager.Deploy(id:0a159699-9e37-4c2d-a7fb-62875132ac3c)" date="2025-07-27T12:40:39.099" >
          <step title="Collecting changeset information" date="2025-07-27T12:40:39.113" /><!-- duration: 73ms -->
          <step title="Updating submodules" date="2025-07-27T12:40:39.193" /><!-- duration: 1110ms -->
          <step title="Determining deployment builder" date="2025-07-27T12:40:40.482" >
            <step title="Builder is OneDeployBuilder" date="2025-07-27T12:40:40.493" /><!-- duration: 3ms -->
          </step><!-- duration: 16ms -->
          <step title="PreDeployment: context.CleanOutputPath False" date="2025-07-27T12:40:40.533" >
            <step title="PreDeployment: context.OutputPath /home/site/wwwroot" date="2025-07-27T12:40:40.628" >
              <step title="Building" date="2025-07-27T12:40:40.731" >
                <step title="Executing external process" date="2025-07-27T12:40:41.200" type="process" path="starter.sh" arguments="/opt/Kudu/Scripts/parallel_rsync.sh /tmp/zipdeploy/extracted /home/site/wwwroot 8 /tmp/ False False  " /><!-- duration: 2529ms -->
                <step title="Modified file to trigger a restart of the app container." date="2025-07-27T12:40:44.080" /><!-- duration: 3ms -->
                <step title="Skip function trigger and logicapp sync because function is not enabled." date="2025-07-27T12:40:44.086" /><!-- duration: 3ms -->
                <step title="Purge deployment items" date="2025-07-27T12:40:44.945" >
                  <step title="Remove temp-86d0, Failed, received at 07/27/2025 12:40:35" date="2025-07-27T12:40:44.984" /><!-- duration: 2ms -->
                  <step title="Remove bbc50f33-, Success, received at 07/26/2025 09:19:32" date="2025-07-27T12:40:45.030" /><!-- duration: 3ms -->
                </step><!-- duration: 91ms -->
              </step><!-- duration: 4361ms -->
            </step><!-- duration: 4466ms -->
            <step title="Cleaning up temp files" date="2025-07-27T12:40:45.096" /><!-- duration: 3ms -->
            <step title="Cleaning up temp files" date="2025-07-27T12:40:45.104" /><!-- duration: 504ms -->
            <step title="Reloading status file with latest updates" date="2025-07-27T12:40:45.633" >
              <step title="WebHooksManager.PublishEventAsync: PostDeployment" date="2025-07-27T12:40:45.639" /><!-- duration: 38ms -->
            </step><!-- duration: 48ms -->
            <step title="Cleaning up temporary deployment - fetch deployment was successful" date="2025-07-27T12:40:45.688" /><!-- duration: 2ms -->
          </step><!-- duration: 5208ms -->
        </step><!-- duration: 6651ms -->
        <step title="Outgoing response" date="2025-07-27T12:40:45.758" type="response" statusCode="200" statusText="OK" /><!-- duration: 3ms -->
      </step><!-- duration: 6670ms -->
