<step title="Incoming Request" date="2025-07-28T14:26:15.671" instance="4e34fd" url="/api/publish?type=zip" method="POST" type="request" pid="767,1,16" Accept="*/*" Host="tenant-optimizer-web.scm.azurewebsites.net" User-Agent="AZURECLI/2.75.0 (DEB)" Accept-Encoding="gzip, deflate" Authorization="Bas..." Cache-Control="no-cache" Content-Type="application/octet-stream" Cookie="ARRAffinity=4e34fd1dcf287fe6e10b93d54f0687cf933ff0e6150f35901216ccdf393ab071; ARRAffinitySameSite=4e34fd1dcf287fe6e10b93d54f0687cf933ff0e6150f35901216ccdf393ab071" Content-Length="124229" x-ms-client-request-id="cc4e6bd0-6bbe-11f0-ab6d-7c1e52a0d0ef" x-ms-artifact-checksum="ad01d854a37ba32cf84795f9ba271617717d61e4565b164b396323c0dadacb4c" X-ARR-LOG-ID="cc4e6bd0-6bbe-11f0-ab6d-7c1e52a0d0ef" CLIENT-IP="20.94.54.82:48130" X-SITE-DEPLOYMENT-ID="tenant-optimizer-web" WAS-DEFAULT-HOSTNAME="tenant-optimizer-web.scm.azurewebsites.net" X-Forwarded-Proto="https" X-AppService-Proto="https" X-Forwarded-TlsVersion="1.3" X-WAWS-Unencoded-URL="/api/publish?type=zip" X-Client-IP="20.94.54.82" X-Client-Port="48130" >
  <step title="OneDeploy" date="2025-07-28T14:26:15.717" >
    <step title="None repository commit" date="2025-07-28T14:26:15.726" >
      <step title="Commit id: 6abf598e-1493-4d8f-95d4-dceff0936d13" date="2025-07-28T14:26:15.754" Message="N/A" AuthorName="N/A" AuthorEmail="N/A" /><!-- duration: 2ms -->
    </step><!-- duration: 32ms -->
    <step title="Starting PushDeployAsync" date="2025-07-28T14:26:15.761" /><!-- duration: 2ms -->
    <step title="Writing artifact to /tmp/zipdeploy/a2e66330-7a6f-43b0-95f5-696606ca3372.zip" date="2025-07-28T14:26:15.780" >
      <step title="Writing multipart request body to /tmp/zipdeploy/a2e66330-7a6f-43b0-95f5-696606ca3372.zip" date="2025-07-28T14:26:15.789" /><!-- duration: 2ms -->
    </step><!-- duration: 78ms -->
    <step title="Attempting to fetch target branch HEAD" date="2025-07-28T14:26:15.864" /><!-- duration: 2ms -->
    <step title="Acquiring Deployment Lock" date="2025-07-28T14:26:15.873" /><!-- duration: 2ms -->
    <step title="Acquired Deployment Lock" date="2025-07-28T14:26:15.980" /><!-- duration: 2ms -->
    <step title="Performing fetch based deployment" date="2025-07-28T14:26:15.987" >
      <step title="Creating temporary deployment" date="2025-07-28T14:26:15.989" /><!-- duration: 45ms -->
      <step title="Releasing Deployment Lock" date="2025-07-28T14:26:17.462" /><!-- duration: 8ms -->
      <step title="Cleaning up temp folders from previous zip deployments and extracting pushed zip file /tmp/zipdeploy/a2e66330-7a6f-43b0-95f5-696606ca3372.zip (0.12 MB) to /tmp/zipdeploy/extracted" date="2025-07-28T14:26:17.515" >
        <step title="ChmodRecursive Process exited with total time taken in ms: 48" date="2025-07-28T14:26:17.614" /><!-- duration: 43ms -->
      </step><!-- duration: 148ms -->
      <step title="None repository commit" date="2025-07-28T14:26:17.671" >
        <step title="Commit id: 6abf598e-1493-4d8f-95d4-dceff0936d13" date="2025-07-28T14:26:17.681" Message="OneDeploy" AuthorName="N/A" AuthorEmail="N/A" /><!-- duration: 3ms -->
      </step><!-- duration: 17ms -->
      <step title="Deployment timer started" date="2025-07-28T14:26:19.696" >
        <step title="DeploymentManager.Deploy(id:6abf598e-1493-4d8f-95d4-dceff0936d13)" date="2025-07-28T14:26:19.703" >
          <step title="Collecting changeset information" date="2025-07-28T14:26:19.719" /><!-- duration: 137ms -->
          <step title="Updating submodules" date="2025-07-28T14:26:19.864" /><!-- duration: 1233ms -->
          <step title="Determining deployment builder" date="2025-07-28T14:26:21.392" >
            <step title="Builder is OneDeployBuilder" date="2025-07-28T14:26:21.419" /><!-- duration: 2ms -->
          </step><!-- duration: 32ms -->
          <step title="PreDeployment: context.CleanOutputPath False" date="2025-07-28T14:26:21.499" >
            <step title="PreDeployment: context.OutputPath /home/site/wwwroot" date="2025-07-28T14:26:21.682" >
              <step title="Building" date="2025-07-28T14:26:21.926" >
                <step title="Executing external process" date="2025-07-28T14:26:22.562" type="process" path="starter.sh" arguments="/opt/Kudu/Scripts/parallel_rsync.sh /tmp/zipdeploy/extracted /home/site/wwwroot 8 /tmp/ False False  " /><!-- duration: 4537ms -->
                <step title="Modified file to trigger a restart of the app container." date="2025-07-28T14:26:27.657" /><!-- duration: 33ms -->
                <step title="Skip function trigger and logicapp sync because function is not enabled." date="2025-07-28T14:26:27.708" /><!-- duration: 3ms -->
                <step title="Purge deployment items" date="2025-07-28T14:26:28.874" >
                  <step title="Remove temp-e002, Failed, received at 07/28/2025 14:26:15" date="2025-07-28T14:26:28.923" /><!-- duration: 28ms -->
                  <step title="Remove b66b3389-, Success, received at 07/27/2025 11:09:56" date="2025-07-28T14:26:28.985" /><!-- duration: 2ms -->
                </step><!-- duration: 116ms -->
              </step><!-- duration: 7114ms -->
            </step><!-- duration: 7792ms -->
            <step title="Cleaning up temp files" date="2025-07-28T14:26:29.482" /><!-- duration: 5ms -->
            <step title="Cleaning up temp files" date="2025-07-28T14:26:29.496" /><!-- duration: 504ms -->
            <step title="Reloading status file with latest updates" date="2025-07-28T14:26:30.035" >
              <step title="WebHooksManager.PublishEventAsync: PostDeployment" date="2025-07-28T14:26:30.039" /><!-- duration: 47ms -->
            </step><!-- duration: 53ms -->
            <step title="Cleaning up temporary deployment - fetch deployment was successful" date="2025-07-28T14:26:30.093" /><!-- duration: 2ms -->
          </step><!-- duration: 8624ms -->
        </step><!-- duration: 10425ms -->
        <step title="Outgoing response" date="2025-07-28T14:26:30.137" type="response" statusCode="200" statusText="OK" /><!-- duration: 5ms -->
      </step><!-- duration: 10451ms -->
