<step title="Incoming Request" date="2025-07-26T13:34:20.203" instance="4e34fd" url="/api/publish?type=zip" method="POST" type="request" pid="768,1,14" Accept="*/*" Host="tenant-optimizer-web.scm.azurewebsites.net" User-Agent="AZURECLI/2.75.0 (DEB)" Accept-Encoding="gzip, deflate" Authorization="Bas..." Cache-Control="no-cache" Content-Type="application/octet-stream" Cookie="ARRAffinity=4e34fd1dcf287fe6e10b93d54f0687cf933ff0e6150f35901216ccdf393ab071; ARRAffinitySameSite=4e34fd1dcf287fe6e10b93d54f0687cf933ff0e6150f35901216ccdf393ab071" Content-Length="53587" x-ms-client-request-id="35bc3700-6a25-11f0-ab6d-002248488b07" x-ms-artifact-checksum="d91582f800c0adefc1f085569fdf27ca2153fe06f97bae1c892b7528037247f5" X-ARR-LOG-ID="35bc3700-6a25-11f0-ab6d-002248488b07" CLIENT-IP="132.196.83.35:2049" X-SITE-DEPLOYMENT-ID="tenant-optimizer-web" WAS-DEFAULT-HOSTNAME="tenant-optimizer-web.scm.azurewebsites.net" X-Forwarded-Proto="https" X-AppService-Proto="https" X-Forwarded-TlsVersion="1.3" X-WAWS-Unencoded-URL="/api/publish?type=zip" X-Client-IP="132.196.83.35" X-Client-Port="2049" >
  <step title="OneDeploy" date="2025-07-26T13:34:20.235" >
    <step title="None repository commit" date="2025-07-26T13:34:20.244" >
      <step title="Commit id: 23c81ccb-987b-4f18-8173-210bfb912780" date="2025-07-26T13:34:20.246" Message="N/A" AuthorName="N/A" AuthorEmail="N/A" /><!-- duration: 2ms -->
    </step><!-- duration: 6ms -->
    <step title="Starting PushDeployAsync" date="2025-07-26T13:34:20.252" /><!-- duration: 2ms -->
    <step title="Writing artifact to /tmp/zipdeploy/eb336a65-58db-4f14-8d76-a04a5ca31a24.zip" date="2025-07-26T13:34:20.269" >
      <step title="Writing multipart request body to /tmp/zipdeploy/eb336a65-58db-4f14-8d76-a04a5ca31a24.zip" date="2025-07-26T13:34:20.271" /><!-- duration: 4ms -->
    </step><!-- duration: 126ms -->
    <step title="Attempting to fetch target branch HEAD" date="2025-07-26T13:34:20.403" /><!-- duration: 2ms -->
    <step title="Acquiring Deployment Lock" date="2025-07-26T13:34:20.407" /><!-- duration: 3ms -->
    <step title="Acquired Deployment Lock" date="2025-07-26T13:34:20.465" /><!-- duration: 2ms -->
    <step title="Performing fetch based deployment" date="2025-07-26T13:34:20.474" >
      <step title="Creating temporary deployment" date="2025-07-26T13:34:20.477" /><!-- duration: 55ms -->
      <step title="Releasing Deployment Lock" date="2025-07-26T13:34:21.654" /><!-- duration: 5ms -->
      <step title="Cleaning up temp folders from previous zip deployments and extracting pushed zip file /tmp/zipdeploy/eb336a65-58db-4f14-8d76-a04a5ca31a24.zip (0.05 MB) to /tmp/zipdeploy/extracted" date="2025-07-26T13:34:21.672" >
        <step title="ChmodRecursive Process exited with total time taken in ms: 28" date="2025-07-26T13:34:21.713" /><!-- duration: 3ms -->
      </step><!-- duration: 47ms -->
      <step title="None repository commit" date="2025-07-26T13:34:21.725" >
        <step title="Commit id: 23c81ccb-987b-4f18-8173-210bfb912780" date="2025-07-26T13:34:21.727" Message="OneDeploy" AuthorName="N/A" AuthorEmail="N/A" /><!-- duration: 2ms -->
      </step><!-- duration: 7ms -->
      <step title="Deployment timer started" date="2025-07-26T13:34:23.735" >
        <step title="DeploymentManager.Deploy(id:23c81ccb-987b-4f18-8173-210bfb912780)" date="2025-07-26T13:34:23.745" >
          <step title="Collecting changeset information" date="2025-07-26T13:34:23.760" /><!-- duration: 71ms -->
          <step title="Updating submodules" date="2025-07-26T13:34:23.839" /><!-- duration: 1102ms -->
          <step title="Determining deployment builder" date="2025-07-26T13:34:25.131" >
            <step title="Builder is OneDeployBuilder" date="2025-07-26T13:34:25.141" /><!-- duration: 2ms -->
          </step><!-- duration: 15ms -->
          <step title="PreDeployment: context.CleanOutputPath False" date="2025-07-26T13:34:25.196" >
            <step title="PreDeployment: context.OutputPath /home/site/wwwroot" date="2025-07-26T13:34:25.295" >
              <step title="Building" date="2025-07-26T13:34:25.406" >
                <step title="Executing external process" date="2025-07-26T13:34:25.809" type="process" path="starter.sh" arguments="/opt/Kudu/Scripts/parallel_rsync.sh /tmp/zipdeploy/extracted /home/site/wwwroot 8 /tmp/ False False  " /><!-- duration: 1655ms -->
                <step title="Modified file to trigger a restart of the app container." date="2025-07-26T13:34:27.754" /><!-- duration: 3ms -->
                <step title="Skip function trigger and logicapp sync because function is not enabled." date="2025-07-26T13:34:27.760" /><!-- duration: 4ms -->
                <step title="Purge deployment items" date="2025-07-26T13:34:28.788" >
                  <step title="Remove 8113e465-, Success, received at 07/25/2025 14:43:24" date="2025-07-26T13:34:28.831" /><!-- duration: 2ms -->
                </step><!-- duration: 48ms -->
              </step><!-- duration: 3489ms -->
            </step><!-- duration: 3603ms -->
            <step title="Cleaning up temp files" date="2025-07-26T13:34:28.899" /><!-- duration: 2ms -->
            <step title="Cleaning up temp files" date="2025-07-26T13:34:28.909" /><!-- duration: 503ms -->
            <step title="Reloading status file with latest updates" date="2025-07-26T13:34:29.474" >
              <step title="WebHooksManager.PublishEventAsync: PostDeployment" date="2025-07-26T13:34:29.478" /><!-- duration: 36ms -->
            </step><!-- duration: 42ms -->
            <step title="Cleaning up temporary deployment - fetch deployment was successful" date="2025-07-26T13:34:29.520" /><!-- duration: 3ms -->
          </step><!-- duration: 4422ms -->
        </step><!-- duration: 5881ms -->
        <step title="Outgoing response" date="2025-07-26T13:34:29.631" type="response" statusCode="200" statusText="OK" /><!-- duration: 2ms -->
      </step><!-- duration: 5900ms -->
