<step title="Incoming Request" date="2025-07-28T19:10:43.643" instance="4e34fd" url="/api/publish?type=zip" method="POST" type="request" pid="767,1,15" Accept="*/*" Host="tenant-optimizer-web.scm.azurewebsites.net" User-Agent="AZURECLI/2.75.0 (DEB)" Accept-Encoding="gzip, deflate" Authorization="Bas..." Cache-Control="no-cache" Content-Type="application/octet-stream" Cookie="ARRAffinity=4e34fd1dcf287fe6e10b93d54f0687cf933ff0e6150f35901216ccdf393ab071; ARRAffinitySameSite=4e34fd1dcf287fe6e10b93d54f0687cf933ff0e6150f35901216ccdf393ab071" Content-Length="134358" x-ms-client-request-id="889b2126-6be6-11f0-ab6d-7c1e52d1186e" x-ms-artifact-checksum="c923b062f815f4fa05e912417f651568b8da477cdb25eafe1ecd61581ab359ed" X-ARR-LOG-ID="889b2126-6be6-11f0-ab6d-7c1e52d1186e" CLIENT-IP="48.214.53.178:37889" X-SITE-DEPLOYMENT-ID="tenant-optimizer-web" WAS-DEFAULT-HOSTNAME="tenant-optimizer-web.scm.azurewebsites.net" X-Forwarded-Proto="https" X-AppService-Proto="https" X-Forwarded-TlsVersion="1.3" X-WAWS-Unencoded-URL="/api/publish?type=zip" X-Client-IP="48.214.53.178" X-Client-Port="37889" >
  <step title="OneDeploy" date="2025-07-28T19:10:43.674" >
    <step title="None repository commit" date="2025-07-28T19:10:43.683" >
      <step title="Commit id: 164d2bf9-e6b2-41ff-8994-f8d0aac237b0" date="2025-07-28T19:10:43.684" Message="N/A" AuthorName="N/A" AuthorEmail="N/A" /><!-- duration: 2ms -->
    </step><!-- duration: 6ms -->
    <step title="Starting PushDeployAsync" date="2025-07-28T19:10:43.691" /><!-- duration: 2ms -->
    <step title="Writing artifact to /tmp/zipdeploy/79df574d-aee0-4f65-b2c0-1678ed8e21cb.zip" date="2025-07-28T19:10:43.704" >
      <step title="Writing multipart request body to /tmp/zipdeploy/79df574d-aee0-4f65-b2c0-1678ed8e21cb.zip" date="2025-07-28T19:10:43.706" /><!-- duration: 4ms -->
    </step><!-- duration: 143ms -->
    <step title="Attempting to fetch target branch HEAD" date="2025-07-28T19:10:43.853" /><!-- duration: 1ms -->
    <step title="Acquiring Deployment Lock" date="2025-07-28T19:10:43.857" /><!-- duration: 4ms -->
    <step title="Acquired Deployment Lock" date="2025-07-28T19:10:43.888" /><!-- duration: 2ms -->
    <step title="Performing fetch based deployment" date="2025-07-28T19:10:43.895" >
      <step title="Creating temporary deployment" date="2025-07-28T19:10:43.898" /><!-- duration: 61ms -->
      <step title="Releasing Deployment Lock" date="2025-07-28T19:10:45.085" /><!-- duration: 8ms -->
      <step title="Cleaning up temp folders from previous zip deployments and extracting pushed zip file /tmp/zipdeploy/79df574d-aee0-4f65-b2c0-1678ed8e21cb.zip (0.13 MB) to /tmp/zipdeploy/extracted" date="2025-07-28T19:10:45.115" >
        <step title="ChmodRecursive Process exited with total time taken in ms: 19" date="2025-07-28T19:10:45.149" /><!-- duration: 3ms -->
      </step><!-- duration: 40ms -->
      <step title="None repository commit" date="2025-07-28T19:10:45.161" >
        <step title="Commit id: 164d2bf9-e6b2-41ff-8994-f8d0aac237b0" date="2025-07-28T19:10:45.163" Message="OneDeploy" AuthorName="N/A" AuthorEmail="N/A" /><!-- duration: 3ms -->
      </step><!-- duration: 8ms -->
      <step title="Deployment timer started" date="2025-07-28T19:10:47.174" >
        <step title="DeploymentManager.Deploy(id:164d2bf9-e6b2-41ff-8994-f8d0aac237b0)" date="2025-07-28T19:10:47.180" >
          <step title="Collecting changeset information" date="2025-07-28T19:10:47.197" /><!-- duration: 81ms -->
          <step title="Updating submodules" date="2025-07-28T19:10:47.284" /><!-- duration: 1115ms -->
          <step title="Determining deployment builder" date="2025-07-28T19:10:48.584" >
            <step title="Builder is OneDeployBuilder" date="2025-07-28T19:10:48.595" /><!-- duration: 3ms -->
          </step><!-- duration: 17ms -->
          <step title="PreDeployment: context.CleanOutputPath False" date="2025-07-28T19:10:48.634" >
            <step title="PreDeployment: context.OutputPath /home/site/wwwroot" date="2025-07-28T19:10:48.739" >
              <step title="Building" date="2025-07-28T19:10:48.862" >
                <step title="Executing external process" date="2025-07-28T19:10:49.218" type="process" path="starter.sh" arguments="/opt/Kudu/Scripts/parallel_rsync.sh /tmp/zipdeploy/extracted /home/site/wwwroot 8 /tmp/ False False  " /><!-- duration: 1487ms -->
                <step title="Modified file to trigger a restart of the app container." date="2025-07-28T19:10:51.075" /><!-- duration: 3ms -->
                <step title="Skip function trigger and logicapp sync because function is not enabled." date="2025-07-28T19:10:51.081" /><!-- duration: 3ms -->
                <step title="Purge deployment items" date="2025-07-28T19:10:51.839" >
                  <step title="Remove af4ea149-, Success, received at 07/27/2025 22:02:31" date="2025-07-28T19:10:51.876" /><!-- duration: 3ms -->
                </step><!-- duration: 42ms -->
              </step><!-- duration: 3098ms -->
            </step><!-- duration: 3224ms -->
            <step title="Cleaning up temp files" date="2025-07-28T19:10:51.964" /><!-- duration: 3ms -->
            <step title="Cleaning up temp files" date="2025-07-28T19:10:51.972" /><!-- duration: 503ms -->
            <step title="Reloading status file with latest updates" date="2025-07-28T19:10:52.495" >
              <step title="WebHooksManager.PublishEventAsync: PostDeployment" date="2025-07-28T19:10:52.501" /><!-- duration: 38ms -->
            </step><!-- duration: 48ms -->
            <step title="Cleaning up temporary deployment - fetch deployment was successful" date="2025-07-28T19:10:52.549" /><!-- duration: 3ms -->
          </step><!-- duration: 4132ms -->
        </step><!-- duration: 5592ms -->
        <step title="Outgoing response" date="2025-07-28T19:10:52.779" type="response" statusCode="200" statusText="OK" /><!-- duration: 3ms -->
      </step><!-- duration: 5610ms -->
