<step title="Incoming Request" date="2025-07-29T09:52:46.078" instance="4e34fd" url="/api/publish?type=zip" method="POST" type="request" pid="768,1,5" Accept="*/*" Host="tenant-optimizer-web.scm.azurewebsites.net" User-Agent="AZURECLI/2.75.0 (DEB)" Accept-Encoding="gzip, deflate" Authorization="Bas..." Cache-Control="no-cache" Content-Type="application/octet-stream" Cookie="ARRAffinity=4e34fd1dcf287fe6e10b93d54f0687cf933ff0e6150f35901216ccdf393ab071; ARRAffinitySameSite=4e34fd1dcf287fe6e10b93d54f0687cf933ff0e6150f35901216ccdf393ab071" Content-Length="137770" x-ms-client-request-id="c05a8090-6c61-11f0-ab6d-7c1e528b00ff" x-ms-artifact-checksum="59dd69ac4cf233754e4727c804950d4cce873917c807ffac9bb8c2de24b052a4" X-ARR-LOG-ID="c05a8090-6c61-11f0-ab6d-7c1e528b00ff" CLIENT-IP="172.203.7.50:29697" X-SITE-DEPLOYMENT-ID="tenant-optimizer-web" WAS-DEFAULT-HOSTNAME="tenant-optimizer-web.scm.azurewebsites.net" X-Forwarded-Proto="https" X-AppService-Proto="https" X-Forwarded-TlsVersion="1.3" X-WAWS-Unencoded-URL="/api/publish?type=zip" X-Client-IP="172.203.7.50" X-Client-Port="29697" >
  <step title="OneDeploy" date="2025-07-29T09:52:46.120" >
    <step title="None repository commit" date="2025-07-29T09:52:46.160" >
      <step title="Commit id: 4446116d-e690-4143-8d05-8486e74be805" date="2025-07-29T09:52:46.162" Message="N/A" AuthorName="N/A" AuthorEmail="N/A" /><!-- duration: 1ms -->
    </step><!-- duration: 4ms -->
    <step title="Starting PushDeployAsync" date="2025-07-29T09:52:46.166" /><!-- duration: 4ms -->
    <step title="Writing artifact to /tmp/zipdeploy/5f8c8cdf-b780-4cec-9b18-0e0b86a7de3f.zip" date="2025-07-29T09:52:46.203" >
      <step title="Writing multipart request body to /tmp/zipdeploy/5f8c8cdf-b780-4cec-9b18-0e0b86a7de3f.zip" date="2025-07-29T09:52:46.213" /><!-- duration: 2ms -->
    </step><!-- duration: 68ms -->
    <step title="Attempting to fetch target branch HEAD" date="2025-07-29T09:52:46.278" /><!-- duration: 1ms -->
    <step title="Acquiring Deployment Lock" date="2025-07-29T09:52:46.282" /><!-- duration: 3ms -->
    <step title="Acquired Deployment Lock" date="2025-07-29T09:52:46.345" /><!-- duration: 2ms -->
    <step title="Performing fetch based deployment" date="2025-07-29T09:52:46.356" >
      <step title="Creating temporary deployment" date="2025-07-29T09:52:46.358" /><!-- duration: 47ms -->
      <step title="Releasing Deployment Lock" date="2025-07-29T09:52:47.681" /><!-- duration: 7ms -->
      <step title="Cleaning up temp folders from previous zip deployments and extracting pushed zip file /tmp/zipdeploy/5f8c8cdf-b780-4cec-9b18-0e0b86a7de3f.zip (0.13 MB) to /tmp/zipdeploy/extracted" date="2025-07-29T09:52:47.711" >
        <step title="ChmodRecursive Process exited with total time taken in ms: 41" date="2025-07-29T09:52:47.782" /><!-- duration: 5ms -->
      </step><!-- duration: 81ms -->
      <step title="None repository commit" date="2025-07-29T09:52:47.801" >
        <step title="Commit id: 4446116d-e690-4143-8d05-8486e74be805" date="2025-07-29T09:52:47.807" Message="OneDeploy" AuthorName="N/A" AuthorEmail="N/A" /><!-- duration: 2ms -->
      </step><!-- duration: 10ms -->
      <step title="Deployment timer started" date="2025-07-29T09:52:49.815" >
        <step title="DeploymentManager.Deploy(id:4446116d-e690-4143-8d05-8486e74be805)" date="2025-07-29T09:52:49.825" >
          <step title="Collecting changeset information" date="2025-07-29T09:52:49.867" /><!-- duration: 144ms -->
          <step title="Updating submodules" date="2025-07-29T09:52:50.025" /><!-- duration: 1148ms -->
          <step title="Determining deployment builder" date="2025-07-29T09:52:51.456" >
            <step title="Builder is OneDeployBuilder" date="2025-07-29T09:52:51.469" /><!-- duration: 2ms -->
          </step><!-- duration: 29ms -->
          <step title="PreDeployment: context.CleanOutputPath False" date="2025-07-29T09:52:51.519" >
            <step title="PreDeployment: context.OutputPath /home/site/wwwroot" date="2025-07-29T09:52:51.766" >
              <step title="Building" date="2025-07-29T09:52:51.989" >
                <step title="Executing external process" date="2025-07-29T09:52:52.856" type="process" path="starter.sh" arguments="/opt/Kudu/Scripts/parallel_rsync.sh /tmp/zipdeploy/extracted /home/site/wwwroot 8 /tmp/ False False  " /><!-- duration: 2470ms -->
                <step title="Modified file to trigger a restart of the app container." date="2025-07-29T09:52:55.717" /><!-- duration: 5ms -->
                <step title="Skip function trigger and logicapp sync because function is not enabled." date="2025-07-29T09:52:55.734" /><!-- duration: 3ms -->
                <step title="Purge deployment items" date="2025-07-29T09:52:56.771" >
                  <step title="Remove fdb41a9f-, Success, received at 07/28/2025 18:58:14" date="2025-07-29T09:52:56.870" /><!-- duration: 3ms -->
                </step><!-- duration: 108ms -->
              </step><!-- duration: 4947ms -->
            </step><!-- duration: 5172ms -->
            <step title="Cleaning up temp files" date="2025-07-29T09:52:56.939" /><!-- duration: 3ms -->
            <step title="Cleaning up temp files" date="2025-07-29T09:52:56.944" /><!-- duration: 508ms -->
            <step title="Reloading status file with latest updates" date="2025-07-29T09:52:57.473" >
              <step title="WebHooksManager.PublishEventAsync: PostDeployment" date="2025-07-29T09:52:57.490" /><!-- duration: 66ms -->
            </step><!-- duration: 85ms -->
            <step title="Cleaning up temporary deployment - fetch deployment was successful" date="2025-07-29T09:52:57.569" /><!-- duration: 2ms -->
          </step><!-- duration: 6168ms -->
        </step><!-- duration: 7873ms -->
        <step title="Outgoing response" date="2025-07-29T09:52:57.710" type="response" statusCode="200" statusText="OK" /><!-- duration: 2ms -->
      </step><!-- duration: 7899ms -->
