<step title="Incoming Request" date="2025-07-26T06:21:38.107" instance="4e34fd" url="/api/publish?type=zip" method="POST" type="request" pid="767,1,7" Accept="*/*" Host="tenant-optimizer-web.scm.azurewebsites.net" User-Agent="AZURECLI/2.75.0 (DEB)" Accept-Encoding="gzip, deflate" Authorization="Bas..." Cache-Control="no-cache" Content-Type="application/octet-stream" Cookie="ARRAffinity=4e34fd1dcf287fe6e10b93d54f0687cf933ff0e6150f35901216ccdf393ab071; ARRAffinitySameSite=4e34fd1dcf287fe6e10b93d54f0687cf933ff0e6150f35901216ccdf393ab071" Content-Length="53447" x-ms-client-request-id="c52da1b8-69e8-11f0-ab6d-7c1e52422cdc" x-ms-artifact-checksum="35d057b1e85aae565925b7125864b944b439720037bda9168e3b9c7d847e652d" X-ARR-LOG-ID="c52da1b8-69e8-11f0-ab6d-7c1e52422cdc" CLIENT-IP="20.98.18.67:30721" X-SITE-DEPLOYMENT-ID="tenant-optimizer-web" WAS-DEFAULT-HOSTNAME="tenant-optimizer-web.scm.azurewebsites.net" X-Forwarded-Proto="https" X-AppService-Proto="https" X-Forwarded-TlsVersion="1.3" X-WAWS-Unencoded-URL="/api/publish?type=zip" X-Client-IP="20.98.18.67" X-Client-Port="30721" >
  <step title="OneDeploy" date="2025-07-26T06:21:38.142" >
    <step title="None repository commit" date="2025-07-26T06:21:38.150" >
      <step title="Commit id: e097f67f-d64e-4728-8451-6f3b96d3d503" date="2025-07-26T06:21:38.153" Message="N/A" AuthorName="N/A" AuthorEmail="N/A" /><!-- duration: 2ms -->
    </step><!-- duration: 7ms -->
    <step title="Starting PushDeployAsync" date="2025-07-26T06:21:38.159" /><!-- duration: 3ms -->
    <step title="Writing artifact to /tmp/zipdeploy/25e6964d-985e-4122-80e5-4991e471a0c8.zip" date="2025-07-26T06:21:38.172" >
      <step title="Writing multipart request body to /tmp/zipdeploy/25e6964d-985e-4122-80e5-4991e471a0c8.zip" date="2025-07-26T06:21:38.215" /><!-- duration: 2ms -->
    </step><!-- duration: 61ms -->
    <step title="Attempting to fetch target branch HEAD" date="2025-07-26T06:21:38.242" /><!-- duration: 2ms -->
    <step title="Acquiring Deployment Lock" date="2025-07-26T06:21:38.246" /><!-- duration: 2ms -->
    <step title="Acquired Deployment Lock" date="2025-07-26T06:21:38.278" /><!-- duration: 2ms -->
    <step title="Performing fetch based deployment" date="2025-07-26T06:21:38.287" >
      <step title="Creating temporary deployment" date="2025-07-26T06:21:38.290" /><!-- duration: 36ms -->
      <step title="Releasing Deployment Lock" date="2025-07-26T06:21:39.430" /><!-- duration: 7ms -->
      <step title="Cleaning up temp folders from previous zip deployments and extracting pushed zip file /tmp/zipdeploy/25e6964d-985e-4122-80e5-4991e471a0c8.zip (0.05 MB) to /tmp/zipdeploy/extracted" date="2025-07-26T06:21:39.465" >
        <step title="ChmodRecursive Process exited with total time taken in ms: 30" date="2025-07-26T06:21:39.505" /><!-- duration: 4ms -->
      </step><!-- duration: 47ms -->
      <step title="None repository commit" date="2025-07-26T06:21:39.515" >
        <step title="Commit id: e097f67f-d64e-4728-8451-6f3b96d3d503" date="2025-07-26T06:21:39.517" Message="OneDeploy" AuthorName="N/A" AuthorEmail="N/A" /><!-- duration: 2ms -->
      </step><!-- duration: 6ms -->
      <step title="Deployment timer started" date="2025-07-26T06:21:41.526" >
        <step title="DeploymentManager.Deploy(id:e097f67f-d64e-4728-8451-6f3b96d3d503)" date="2025-07-26T06:21:41.530" >
          <step title="Collecting changeset information" date="2025-07-26T06:21:41.539" /><!-- duration: 80ms -->
          <step title="Updating submodules" date="2025-07-26T06:21:41.623" /><!-- duration: 1099ms -->
          <step title="Determining deployment builder" date="2025-07-26T06:21:42.889" >
            <step title="Builder is OneDeployBuilder" date="2025-07-26T06:21:42.898" /><!-- duration: 2ms -->
          </step><!-- duration: 13ms -->
          <step title="PreDeployment: context.CleanOutputPath False" date="2025-07-26T06:21:42.941" >
            <step title="PreDeployment: context.OutputPath /home/site/wwwroot" date="2025-07-26T06:21:43.021" >
              <step title="Building" date="2025-07-26T06:21:43.117" >
                <step title="Executing external process" date="2025-07-26T06:21:43.445" type="process" path="starter.sh" arguments="/opt/Kudu/Scripts/parallel_rsync.sh /tmp/zipdeploy/extracted /home/site/wwwroot 8 /tmp/ False False  " /><!-- duration: 1391ms -->
                <step title="Modified file to trigger a restart of the app container." date="2025-07-26T06:21:45.197" /><!-- duration: 2ms -->
                <step title="Skip function trigger and logicapp sync because function is not enabled." date="2025-07-26T06:21:45.204" /><!-- duration: 2ms -->
                <step title="Purge deployment items" date="2025-07-26T06:21:46.032" >
                  <step title="Remove 7fa521e0-, Success, received at 07/24/2025 22:10:44" date="2025-07-26T06:21:46.069" /><!-- duration: 2ms -->
                </step><!-- duration: 41ms -->
              </step><!-- duration: 3009ms -->
            </step><!-- duration: 3109ms -->
            <step title="Cleaning up temp files" date="2025-07-26T06:21:46.132" /><!-- duration: 3ms -->
            <step title="Cleaning up temp files" date="2025-07-26T06:21:46.138" /><!-- duration: 503ms -->
            <step title="Reloading status file with latest updates" date="2025-07-26T06:21:46.660" >
              <step title="WebHooksManager.PublishEventAsync: PostDeployment" date="2025-07-26T06:21:46.663" /><!-- duration: 41ms -->
            </step><!-- duration: 47ms -->
            <step title="Cleaning up temporary deployment - fetch deployment was successful" date="2025-07-26T06:21:46.711" /><!-- duration: 3ms -->
          </step><!-- duration: 3837ms -->
        </step><!-- duration: 5253ms -->
        <step title="Outgoing response" date="2025-07-26T06:21:46.790" type="response" statusCode="200" statusText="OK" /><!-- duration: 3ms -->
      </step><!-- duration: 5270ms -->
