<step title="Incoming Request" date="2025-07-24T22:21:22.232" instance="4e34fd" url="/api/publish?type=zip" method="POST" type="request" pid="767,1,30" Accept="*/*" Host="tenant-optimizer-web.scm.azurewebsites.net" User-Agent="AZURECLI/2.75.0 (DEB)" Accept-Encoding="gzip, deflate" Authorization="Bas..." Cache-Control="no-cache" Content-Type="application/octet-stream" Cookie="ARRAffinity=4e34fd1dcf287fe6e10b93d54f0687cf933ff0e6150f35901216ccdf393ab071; ARRAffinitySameSite=4e34fd1dcf287fe6e10b93d54f0687cf933ff0e6150f35901216ccdf393ab071" Content-Length="52890" x-ms-client-request-id="820b14d6-68dc-11f0-ab6d-6045bd85e4a1" x-ms-artifact-checksum="8c63d38fee01feddb785797bc6fb8cae9196aa71b75f2ab746b863faedabd0fb" X-ARR-LOG-ID="820b14d6-68dc-11f0-ab6d-6045bd85e4a1" CLIENT-IP="172.172.87.245:28673" X-SITE-DEPLOYMENT-ID="tenant-optimizer-web" WAS-DEFAULT-HOSTNAME="tenant-optimizer-web.scm.azurewebsites.net" X-Forwarded-Proto="https" X-AppService-Proto="https" X-Forwarded-TlsVersion="1.3" X-WAWS-Unencoded-URL="/api/publish?type=zip" X-Client-IP="172.172.87.245" X-Client-Port="28673" >
  <step title="OneDeploy" date="2025-07-24T22:21:22.241" >
    <step title="Starting PushDeployAsync" date="2025-07-24T22:21:22.251" /><!-- duration: 6ms -->
    <step title="Writing artifact to /tmp/zipdeploy/77a7c6cd-bdaf-4801-a151-f7726f9e4c96.zip" date="2025-07-24T22:21:22.264" >
      <step title="Writing multipart request body to /tmp/zipdeploy/77a7c6cd-bdaf-4801-a151-f7726f9e4c96.zip" date="2025-07-24T22:21:22.266" /><!-- duration: 6ms -->
    </step><!-- duration: 98ms -->
    <step title="Attempting to fetch target branch HEAD" date="2025-07-24T22:21:22.370" /><!-- duration: 2ms -->
    <step title="Acquiring Deployment Lock" date="2025-07-24T22:21:22.375" /><!-- duration: 3ms -->
    <step title="Acquired Deployment Lock" date="2025-07-24T22:21:22.406" /><!-- duration: 3ms -->
    <step title="Performing fetch based deployment" date="2025-07-24T22:21:22.417" >
      <step title="Creating temporary deployment" date="2025-07-24T22:21:22.419" /><!-- duration: 126ms -->
      <step title="Releasing Deployment Lock" date="2025-07-24T22:21:23.725" /><!-- duration: 13ms -->
      <step title="Cleaning up temp folders from previous zip deployments and extracting pushed zip file /tmp/zipdeploy/77a7c6cd-bdaf-4801-a151-f7726f9e4c96.zip (0.05 MB) to /tmp/zipdeploy/extracted" date="2025-07-24T22:21:23.765" >
        <step title="ChmodRecursive Process exited with total time taken in ms: 18" date="2025-07-24T22:21:23.794" /><!-- duration: 5ms -->
      </step><!-- duration: 38ms -->
      <step title="None repository commit" date="2025-07-24T22:21:23.809" >
        <step title="Commit id: 72a7f192-6660-41a2-9c13-33dd0117f0c0" date="2025-07-24T22:21:23.813" Message="OneDeploy" AuthorName="N/A" AuthorEmail="N/A" /><!-- duration: 5ms -->
      </step><!-- duration: 12ms -->
      <step title="Deployment timer started" date="2025-07-24T22:21:25.825" >
        <step title="DeploymentManager.Deploy(id:72a7f192-6660-41a2-9c13-33dd0117f0c0)" date="2025-07-24T22:21:25.831" >
          <step title="Collecting changeset information" date="2025-07-24T22:21:25.847" /><!-- duration: 89ms -->
          <step title="Updating submodules" date="2025-07-24T22:21:25.942" /><!-- duration: 1110ms -->
          <step title="Determining deployment builder" date="2025-07-24T22:21:27.248" >
            <step title="Builder is OneDeployBuilder" date="2025-07-24T22:21:27.258" /><!-- duration: 2ms -->
          </step><!-- duration: 15ms -->
          <step title="PreDeployment: context.CleanOutputPath False" date="2025-07-24T22:21:27.301" >
            <step title="PreDeployment: context.OutputPath /home/site/wwwroot" date="2025-07-24T22:21:27.400" >
              <step title="Building" date="2025-07-24T22:21:27.534" >
                <step title="Executing external process" date="2025-07-24T22:21:28.092" type="process" path="starter.sh" arguments="/opt/Kudu/Scripts/parallel_rsync.sh /tmp/zipdeploy/extracted /home/site/wwwroot 8 /tmp/ False False  " /><!-- duration: 1492ms -->
                <step title="Modified file to trigger a restart of the app container." date="2025-07-24T22:21:29.958" /><!-- duration: 5ms -->
                <step title="Skip function trigger and logicapp sync because function is not enabled." date="2025-07-24T22:21:29.968" /><!-- duration: 8ms -->
              </step><!-- duration: 3273ms -->
            </step><!-- duration: 3413ms -->
            <step title="Cleaning up temp files" date="2025-07-24T22:21:30.819" /><!-- duration: 9ms -->
            <step title="Cleaning up temp files" date="2025-07-24T22:21:30.832" /><!-- duration: 505ms -->
            <step title="Reloading status file with latest updates" date="2025-07-24T22:21:31.381" >
              <step title="WebHooksManager.PublishEventAsync: PostDeployment" date="2025-07-24T22:21:31.386" /><!-- duration: 48ms -->
            </step><!-- duration: 58ms -->
            <step title="Cleaning up temporary deployment - fetch deployment was successful" date="2025-07-24T22:21:31.451" /><!-- duration: 4ms -->
          </step><!-- duration: 4237ms -->
        </step><!-- duration: 5713ms -->
        <step title="Outgoing response" date="2025-07-24T22:21:31.547" type="response" statusCode="200" statusText="OK" /><!-- duration: 6ms -->
      </step><!-- duration: 5734ms -->
