<step title="Incoming Request" date="2025-07-24T22:11:17.271" instance="4e34fd" url="/api/publish?type=zip" method="POST" type="request" pid="767,1,25" Accept="*/*" Host="tenant-optimizer-web.scm.azurewebsites.net" User-Agent="AZURECLI/2.75.0 (DEB)" Accept-Encoding="gzip, deflate" Authorization="Bas..." Cache-Control="no-cache" Content-Type="application/octet-stream" Cookie="ARRAffinity=4e34fd1dcf287fe6e10b93d54f0687cf933ff0e6150f35901216ccdf393ab071; ARRAffinitySameSite=4e34fd1dcf287fe6e10b93d54f0687cf933ff0e6150f35901216ccdf393ab071" Content-Length="47321" x-ms-client-request-id="1a9d3654-68db-11f0-ab6d-6045bdb51f6a" x-ms-artifact-checksum="587fc124a0688b4dfcec7d1d452c44b22a4732fa08b060578addfb0f06483654" X-ARR-LOG-ID="1a9d3654-68db-11f0-ab6d-6045bdb51f6a" CLIENT-IP="74.249.78.32:39937" X-SITE-DEPLOYMENT-ID="tenant-optimizer-web" WAS-DEFAULT-HOSTNAME="tenant-optimizer-web.scm.azurewebsites.net" X-Forwarded-Proto="https" X-AppService-Proto="https" X-Forwarded-TlsVersion="1.3" X-WAWS-Unencoded-URL="/api/publish?type=zip" X-Client-IP="74.249.78.32" X-Client-Port="39937" >
  <step title="OneDeploy" date="2025-07-24T22:11:17.281" >
    <step title="Starting PushDeployAsync" date="2025-07-24T22:11:17.286" /><!-- duration: 1ms -->
    <step title="Writing artifact to /tmp/zipdeploy/0a3283cb-4131-4ea7-af54-fced2820a3a6.zip" date="2025-07-24T22:11:17.294" >
      <step title="Writing multipart request body to /tmp/zipdeploy/0a3283cb-4131-4ea7-af54-fced2820a3a6.zip" date="2025-07-24T22:11:17.296" /><!-- duration: 5ms -->
    </step><!-- duration: 117ms -->
    <step title="Attempting to fetch target branch HEAD" date="2025-07-24T22:11:17.419" /><!-- duration: 2ms -->
    <step title="Acquiring Deployment Lock" date="2025-07-24T22:11:17.423" /><!-- duration: 3ms -->
    <step title="Acquired Deployment Lock" date="2025-07-24T22:11:17.455" /><!-- duration: 2ms -->
    <step title="Performing fetch based deployment" date="2025-07-24T22:11:17.463" >
      <step title="Creating temporary deployment" date="2025-07-24T22:11:17.465" /><!-- duration: 52ms -->
      <step title="Releasing Deployment Lock" date="2025-07-24T22:11:18.642" /><!-- duration: 7ms -->
      <step title="Cleaning up temp folders from previous zip deployments and extracting pushed zip file /tmp/zipdeploy/0a3283cb-4131-4ea7-af54-fced2820a3a6.zip (0.05 MB) to /tmp/zipdeploy/extracted" date="2025-07-24T22:11:18.663" >
        <step title="ChmodRecursive Process exited with total time taken in ms: 22" date="2025-07-24T22:11:18.694" /><!-- duration: 6ms -->
      </step><!-- duration: 41ms -->
      <step title="None repository commit" date="2025-07-24T22:11:18.711" >
        <step title="Commit id: 62ca7a26-77ad-4b95-a0b9-adcbb4a0726f" date="2025-07-24T22:11:18.715" Message="OneDeploy" AuthorName="N/A" AuthorEmail="N/A" /><!-- duration: 4ms -->
      </step><!-- duration: 14ms -->
      <step title="Deployment timer started" date="2025-07-24T22:11:20.729" >
        <step title="DeploymentManager.Deploy(id:62ca7a26-77ad-4b95-a0b9-adcbb4a0726f)" date="2025-07-24T22:11:20.734" >
          <step title="Collecting changeset information" date="2025-07-24T22:11:20.748" /><!-- duration: 88ms -->
          <step title="Updating submodules" date="2025-07-24T22:11:20.841" /><!-- duration: 1101ms -->
          <step title="Determining deployment builder" date="2025-07-24T22:11:22.145" >
            <step title="Builder is OneDeployBuilder" date="2025-07-24T22:11:22.163" /><!-- duration: 3ms -->
          </step><!-- duration: 22ms -->
          <step title="PreDeployment: context.CleanOutputPath False" date="2025-07-24T22:11:22.203" >
            <step title="PreDeployment: context.OutputPath /home/site/wwwroot" date="2025-07-24T22:11:22.364" >
              <step title="Building" date="2025-07-24T22:11:22.464" >
                <step title="Executing external process" date="2025-07-24T22:11:22.942" type="process" path="starter.sh" arguments="/opt/Kudu/Scripts/parallel_rsync.sh /tmp/zipdeploy/extracted /home/site/wwwroot 8 /tmp/ False False  " /><!-- duration: 843ms -->
                <step title="Modified file to trigger a restart of the app container." date="2025-07-24T22:11:24.058" /><!-- duration: 4ms -->
                <step title="Skip function trigger and logicapp sync because function is not enabled." date="2025-07-24T22:11:24.065" /><!-- duration: 4ms -->
              </step><!-- duration: 2202ms -->
            </step><!-- duration: 2305ms -->
            <step title="Cleaning up temp files" date="2025-07-24T22:11:24.672" /><!-- duration: 2ms -->
            <step title="Cleaning up temp files" date="2025-07-24T22:11:24.677" /><!-- duration: 504ms -->
            <step title="Reloading status file with latest updates" date="2025-07-24T22:11:25.204" >
              <step title="WebHooksManager.PublishEventAsync: PostDeployment" date="2025-07-24T22:11:25.208" /><!-- duration: 22ms -->
            </step><!-- duration: 28ms -->
            <step title="Cleaning up temporary deployment - fetch deployment was successful" date="2025-07-24T22:11:25.237" /><!-- duration: 2ms -->
          </step><!-- duration: 3111ms -->
        </step><!-- duration: 4583ms -->
        <step title="Outgoing response" date="2025-07-24T22:11:25.319" type="response" statusCode="200" statusText="OK" /><!-- duration: 2ms -->
      </step><!-- duration: 4594ms -->
