<step title="Incoming Request" date="2025-07-28T18:47:57.085" instance="4e34fd" url="/api/publish?type=zip" method="POST" type="request" pid="768,1,14" Accept="*/*" Host="tenant-optimizer-web.scm.azurewebsites.net" User-Agent="AZURECLI/2.75.0 (DEB)" Accept-Encoding="gzip, deflate" Authorization="Bas..." Cache-Control="no-cache" Content-Type="application/octet-stream" Cookie="ARRAffinity=4e34fd1dcf287fe6e10b93d54f0687cf933ff0e6150f35901216ccdf393ab071; ARRAffinitySameSite=4e34fd1dcf287fe6e10b93d54f0687cf933ff0e6150f35901216ccdf393ab071" Content-Length="133201" x-ms-client-request-id="4f712524-6be3-11f0-ab6d-6045bd35547b" x-ms-artifact-checksum="27cb6324bbdf7b0f73b53ebd91f4493dda015f91acb9ff687d03c35d2a7bfe6e" X-ARR-LOG-ID="4f712524-6be3-11f0-ab6d-6045bd35547b" CLIENT-IP="132.196.82.128:52161" X-SITE-DEPLOYMENT-ID="tenant-optimizer-web" WAS-DEFAULT-HOSTNAME="tenant-optimizer-web.scm.azurewebsites.net" X-Forwarded-Proto="https" X-AppService-Proto="https" X-Forwarded-TlsVersion="1.3" X-WAWS-Unencoded-URL="/api/publish?type=zip" X-Client-IP="132.196.82.128" X-Client-Port="52161" >
  <step title="OneDeploy" date="2025-07-28T18:47:57.125" >
    <step title="None repository commit" date="2025-07-28T18:47:57.155" >
      <step title="Commit id: 2ee90faf-0f38-4435-a189-378e7845d668" date="2025-07-28T18:47:57.158" Message="N/A" AuthorName="N/A" AuthorEmail="N/A" /><!-- duration: 2ms -->
    </step><!-- duration: 7ms -->
    <step title="Starting PushDeployAsync" date="2025-07-28T18:47:57.165" /><!-- duration: 3ms -->
    <step title="Writing artifact to /tmp/zipdeploy/6de1a352-286f-4eee-850a-cb15ad63f5b1.zip" date="2025-07-28T18:47:57.186" >
      <step title="Writing multipart request body to /tmp/zipdeploy/6de1a352-286f-4eee-850a-cb15ad63f5b1.zip" date="2025-07-28T18:47:57.188" /><!-- duration: 7ms -->
    </step><!-- duration: 44ms -->
    <step title="Attempting to fetch target branch HEAD" date="2025-07-28T18:47:57.258" /><!-- duration: 7ms -->
    <step title="Acquiring Deployment Lock" date="2025-07-28T18:47:57.274" /><!-- duration: 9ms -->
    <step title="Acquired Deployment Lock" date="2025-07-28T18:47:57.334" /><!-- duration: 3ms -->
    <step title="Performing fetch based deployment" date="2025-07-28T18:47:57.343" >
      <step title="Creating temporary deployment" date="2025-07-28T18:47:57.346" /><!-- duration: 92ms -->
      <step title="Releasing Deployment Lock" date="2025-07-28T18:47:58.591" /><!-- duration: 9ms -->
      <step title="Cleaning up temp folders from previous zip deployments and extracting pushed zip file /tmp/zipdeploy/6de1a352-286f-4eee-850a-cb15ad63f5b1.zip (0.13 MB) to /tmp/zipdeploy/extracted" date="2025-07-28T18:47:58.628" >
        <step title="ChmodRecursive Process exited with total time taken in ms: 28" date="2025-07-28T18:47:58.672" /><!-- duration: 3ms -->
      </step><!-- duration: 50ms -->
      <step title="None repository commit" date="2025-07-28T18:47:58.685" >
        <step title="Commit id: 2ee90faf-0f38-4435-a189-378e7845d668" date="2025-07-28T18:47:58.687" Message="OneDeploy" AuthorName="N/A" AuthorEmail="N/A" /><!-- duration: 4ms -->
      </step><!-- duration: 10ms -->
      <step title="Deployment timer started" date="2025-07-28T18:48:00.705" >
        <step title="DeploymentManager.Deploy(id:2ee90faf-0f38-4435-a189-378e7845d668)" date="2025-07-28T18:48:00.736" >
          <step title="Collecting changeset information" date="2025-07-28T18:48:00.780" /><!-- duration: 79ms -->
          <step title="Updating submodules" date="2025-07-28T18:48:00.865" /><!-- duration: 1105ms -->
          <step title="Determining deployment builder" date="2025-07-28T18:48:02.164" >
            <step title="Builder is OneDeployBuilder" date="2025-07-28T18:48:02.179" /><!-- duration: 2ms -->
          </step><!-- duration: 24ms -->
          <step title="PreDeployment: context.CleanOutputPath False" date="2025-07-28T18:48:02.222" >
            <step title="PreDeployment: context.OutputPath /home/site/wwwroot" date="2025-07-28T18:48:02.313" >
              <step title="Building" date="2025-07-28T18:48:02.412" >
                <step title="Executing external process" date="2025-07-28T18:48:02.778" type="process" path="starter.sh" arguments="/opt/Kudu/Scripts/parallel_rsync.sh /tmp/zipdeploy/extracted /home/site/wwwroot 8 /tmp/ False False  " /><!-- duration: 1884ms -->
                <step title="Modified file to trigger a restart of the app container." date="2025-07-28T18:48:05.033" /><!-- duration: 3ms -->
                <step title="Skip function trigger and logicapp sync because function is not enabled." date="2025-07-28T18:48:05.040" /><!-- duration: 6ms -->
                <step title="Purge deployment items" date="2025-07-28T18:48:10.237" >
                  <step title="Remove 338dd95a-, Success, received at 07/27/2025 15:08:36" date="2025-07-28T18:48:10.277" /><!-- duration: 3ms -->
                </step><!-- duration: 45ms -->
              </step><!-- duration: 7920ms -->
            </step><!-- duration: 8028ms -->
            <step title="Cleaning up temp files" date="2025-07-28T18:48:10.343" /><!-- duration: 3ms -->
            <step title="Cleaning up temp files" date="2025-07-28T18:48:10.351" /><!-- duration: 504ms -->
            <step title="Reloading status file with latest updates" date="2025-07-28T18:48:10.890" >
              <step title="WebHooksManager.PublishEventAsync: PostDeployment" date="2025-07-28T18:48:10.894" /><!-- duration: 46ms -->
            </step><!-- duration: 53ms -->
            <step title="Cleaning up temporary deployment - fetch deployment was successful" date="2025-07-28T18:48:10.948" /><!-- duration: 2ms -->
          </step><!-- duration: 8799ms -->
        </step><!-- duration: 10293ms -->
        <step title="Outgoing response" date="2025-07-28T18:48:11.037" type="response" statusCode="200" statusText="OK" /><!-- duration: 5ms -->
      </step><!-- duration: 10339ms -->
