<step title="Incoming Request" date="2025-07-28T18:55:19.096" instance="4e34fd" url="/api/publish?type=zip" method="POST" type="request" pid="768,1,21" Accept="*/*" Host="tenant-optimizer-web.scm.azurewebsites.net" User-Agent="AZURECLI/2.75.0 (DEB)" Accept-Encoding="gzip, deflate" Authorization="Bas..." Cache-Control="no-cache" Content-Type="application/octet-stream" Cookie="ARRAffinity=4e34fd1dcf287fe6e10b93d54f0687cf933ff0e6150f35901216ccdf393ab071; ARRAffinitySameSite=4e34fd1dcf287fe6e10b93d54f0687cf933ff0e6150f35901216ccdf393ab071" Content-Length="134347" x-ms-client-request-id="6294b048-6be4-11f0-ab6d-000d3a9aedd9" x-ms-artifact-checksum="781def197aaa337b16b5c6d660d74319b388be5b634a7a35b9453b21b1ca136c" X-ARR-LOG-ID="6294b048-6be4-11f0-ab6d-000d3a9aedd9" CLIENT-IP="20.55.87.50:54146" X-SITE-DEPLOYMENT-ID="tenant-optimizer-web" WAS-DEFAULT-HOSTNAME="tenant-optimizer-web.scm.azurewebsites.net" X-Forwarded-Proto="https" X-AppService-Proto="https" X-Forwarded-TlsVersion="1.3" X-WAWS-Unencoded-URL="/api/publish?type=zip" X-Client-IP="20.55.87.50" X-Client-Port="54146" >
  <step title="OneDeploy" date="2025-07-28T18:55:19.105" >
    <step title="Starting PushDeployAsync" date="2025-07-28T18:55:19.111" /><!-- duration: 9ms -->
    <step title="Writing artifact to /tmp/zipdeploy/965f497e-9622-457f-98a6-c193917ad49d.zip" date="2025-07-28T18:55:19.129" >
      <step title="Writing multipart request body to /tmp/zipdeploy/965f497e-9622-457f-98a6-c193917ad49d.zip" date="2025-07-28T18:55:19.132" /><!-- duration: 7ms -->
    </step><!-- duration: 166ms -->
    <step title="Attempting to fetch target branch HEAD" date="2025-07-28T18:55:19.304" /><!-- duration: 2ms -->
    <step title="Acquiring Deployment Lock" date="2025-07-28T18:55:19.309" /><!-- duration: 4ms -->
    <step title="Acquired Deployment Lock" date="2025-07-28T18:55:19.356" /><!-- duration: 2ms -->
    <step title="Performing fetch based deployment" date="2025-07-28T18:55:19.364" >
      <step title="Creating temporary deployment" date="2025-07-28T18:55:19.366" /><!-- duration: 53ms -->
      <step title="Releasing Deployment Lock" date="2025-07-28T18:55:20.534" /><!-- duration: 8ms -->
      <step title="Cleaning up temp folders from previous zip deployments and extracting pushed zip file /tmp/zipdeploy/965f497e-9622-457f-98a6-c193917ad49d.zip (0.13 MB) to /tmp/zipdeploy/extracted" date="2025-07-28T18:55:20.561" >
        <step title="ChmodRecursive Process exited with total time taken in ms: 14" date="2025-07-28T18:55:20.588" /><!-- duration: 4ms -->
      </step><!-- duration: 33ms -->
      <step title="None repository commit" date="2025-07-28T18:55:20.599" >
        <step title="Commit id: f1aa4a55-7f79-4b1f-ae4d-f0ff580309fe" date="2025-07-28T18:55:20.601" Message="OneDeploy" AuthorName="N/A" AuthorEmail="N/A" /><!-- duration: 2ms -->
      </step><!-- duration: 8ms -->
      <step title="Deployment timer started" date="2025-07-28T18:55:22.610" >
        <step title="DeploymentManager.Deploy(id:f1aa4a55-7f79-4b1f-ae4d-f0ff580309fe)" date="2025-07-28T18:55:22.629" >
          <step title="Collecting changeset information" date="2025-07-28T18:55:22.668" /><!-- duration: 96ms -->
          <step title="Updating submodules" date="2025-07-28T18:55:22.776" /><!-- duration: 1196ms -->
          <step title="Determining deployment builder" date="2025-07-28T18:55:24.216" >
            <step title="Builder is OneDeployBuilder" date="2025-07-28T18:55:24.236" /><!-- duration: 8ms -->
          </step><!-- duration: 34ms -->
          <step title="PreDeployment: context.CleanOutputPath False" date="2025-07-28T18:55:24.304" >
            <step title="PreDeployment: context.OutputPath /home/site/wwwroot" date="2025-07-28T18:55:24.407" >
              <step title="Building" date="2025-07-28T18:55:24.515" >
                <step title="Executing external process" date="2025-07-28T18:55:25.059" type="process" path="starter.sh" arguments="/opt/Kudu/Scripts/parallel_rsync.sh /tmp/zipdeploy/extracted /home/site/wwwroot 8 /tmp/ False False  " /><!-- duration: 2200ms -->
                <step title="Modified file to trigger a restart of the app container." date="2025-07-28T18:55:27.629" /><!-- duration: 12ms -->
                <step title="Skip function trigger and logicapp sync because function is not enabled." date="2025-07-28T18:55:27.645" /><!-- duration: 5ms -->
                <step title="Purge deployment items" date="2025-07-28T18:55:28.608" >
                  <step title="Remove temp-ad79, Failed, received at 07/28/2025 18:55:19" date="2025-07-28T18:55:28.652" /><!-- duration: 3ms -->
                  <step title="Remove 88bb54de-, Success, received at 07/27/2025 20:24:11" date="2025-07-28T18:55:28.699" /><!-- duration: 2ms -->
                </step><!-- duration: 95ms -->
              </step><!-- duration: 4251ms -->
            </step><!-- duration: 4362ms -->
            <step title="Cleaning up temp files" date="2025-07-28T18:55:28.773" /><!-- duration: 4ms -->
            <step title="Cleaning up temp files" date="2025-07-28T18:55:28.783" /><!-- duration: 504ms -->
            <step title="Reloading status file with latest updates" date="2025-07-28T18:55:29.317" >
              <step title="WebHooksManager.PublishEventAsync: PostDeployment" date="2025-07-28T18:55:29.325" /><!-- duration: 21ms -->
            </step><!-- duration: 32ms -->
            <step title="Cleaning up temporary deployment - fetch deployment was successful" date="2025-07-28T18:55:29.353" /><!-- duration: 2ms -->
          </step><!-- duration: 5105ms -->
        </step><!-- duration: 6786ms -->
        <step title="Outgoing response" date="2025-07-28T18:55:29.417" type="response" statusCode="200" statusText="OK" /><!-- duration: 2ms -->
      </step><!-- duration: 6812ms -->
