<step title="Incoming Request" date="2025-07-26T14:16:41.689" instance="4e34fd" url="/api/publish?type=zip" method="POST" type="request" pid="768,1,14" Accept="*/*" Host="tenant-optimizer-web.scm.azurewebsites.net" User-Agent="AZURECLI/2.75.0 (DEB)" Accept-Encoding="gzip, deflate" Authorization="Bas..." Cache-Control="no-cache" Content-Type="application/octet-stream" Cookie="ARRAffinity=4e34fd1dcf287fe6e10b93d54f0687cf933ff0e6150f35901216ccdf393ab071; ARRAffinitySameSite=4e34fd1dcf287fe6e10b93d54f0687cf933ff0e6150f35901216ccdf393ab071" Content-Length="53587" x-ms-client-request-id="1ecaea36-6a2b-11f0-ab6d-6045bd02d9e8" x-ms-artifact-checksum="557bc25fe3918240a510c00073b3809c3d8f324c2e1cea3bf55f47517f8769ce" X-ARR-LOG-ID="1ecaea36-6a2b-11f0-ab6d-6045bd02d9e8" CLIENT-IP="172.184.219.208:37825" X-SITE-DEPLOYMENT-ID="tenant-optimizer-web" WAS-DEFAULT-HOSTNAME="tenant-optimizer-web.scm.azurewebsites.net" X-Forwarded-Proto="https" X-AppService-Proto="https" X-Forwarded-TlsVersion="1.3" X-WAWS-Unencoded-URL="/api/publish?type=zip" X-Client-IP="172.184.219.208" X-Client-Port="37825" >
  <step title="OneDeploy" date="2025-07-26T14:16:41.724" >
    <step title="None repository commit" date="2025-07-26T14:16:41.731" >
      <step title="Commit id: f2cfbe89-1007-448c-8ade-c16a7d790be0" date="2025-07-26T14:16:41.733" Message="N/A" AuthorName="N/A" AuthorEmail="N/A" /><!-- duration: 2ms -->
    </step><!-- duration: 7ms -->
    <step title="Starting PushDeployAsync" date="2025-07-26T14:16:41.741" /><!-- duration: 2ms -->
    <step title="Writing artifact to /tmp/zipdeploy/ab3ef5e6-b570-4603-ad39-69060a9bbdda.zip" date="2025-07-26T14:16:42.005" >
      <step title="Writing multipart request body to /tmp/zipdeploy/ab3ef5e6-b570-4603-ad39-69060a9bbdda.zip" date="2025-07-26T14:16:42.010" /><!-- duration: 3ms -->
    </step><!-- duration: 24ms -->
    <step title="Attempting to fetch target branch HEAD" date="2025-07-26T14:16:42.038" /><!-- duration: 2ms -->
    <step title="Acquiring Deployment Lock" date="2025-07-26T14:16:42.042" /><!-- duration: 5ms -->
    <step title="Acquired Deployment Lock" date="2025-07-26T14:16:42.176" /><!-- duration: 3ms -->
    <step title="Performing fetch based deployment" date="2025-07-26T14:16:42.186" >
      <step title="Creating temporary deployment" date="2025-07-26T14:16:42.189" /><!-- duration: 47ms -->
      <step title="Releasing Deployment Lock" date="2025-07-26T14:16:43.423" /><!-- duration: 5ms -->
      <step title="Cleaning up temp folders from previous zip deployments and extracting pushed zip file /tmp/zipdeploy/ab3ef5e6-b570-4603-ad39-69060a9bbdda.zip (0.05 MB) to /tmp/zipdeploy/extracted" date="2025-07-26T14:16:43.453" >
        <step title="ChmodRecursive Process exited with total time taken in ms: 16" date="2025-07-26T14:16:43.480" /><!-- duration: 5ms -->
      </step><!-- duration: 35ms -->
      <step title="None repository commit" date="2025-07-26T14:16:43.494" >
        <step title="Commit id: f2cfbe89-1007-448c-8ade-c16a7d790be0" date="2025-07-26T14:16:43.497" Message="OneDeploy" AuthorName="N/A" AuthorEmail="N/A" /><!-- duration: 3ms -->
      </step><!-- duration: 8ms -->
      <step title="Deployment timer started" date="2025-07-26T14:16:45.507" >
        <step title="DeploymentManager.Deploy(id:f2cfbe89-1007-448c-8ade-c16a7d790be0)" date="2025-07-26T14:16:45.514" >
          <step title="Collecting changeset information" date="2025-07-26T14:16:45.529" /><!-- duration: 76ms -->
          <step title="Updating submodules" date="2025-07-26T14:16:45.610" /><!-- duration: 1112ms -->
          <step title="Determining deployment builder" date="2025-07-26T14:16:46.876" >
            <step title="Builder is OneDeployBuilder" date="2025-07-26T14:16:46.886" /><!-- duration: 2ms -->
          </step><!-- duration: 16ms -->
          <step title="PreDeployment: context.CleanOutputPath False" date="2025-07-26T14:16:46.924" >
            <step title="PreDeployment: context.OutputPath /home/site/wwwroot" date="2025-07-26T14:16:47.016" >
              <step title="Building" date="2025-07-26T14:16:47.112" >
                <step title="Executing external process" date="2025-07-26T14:16:47.445" type="process" path="starter.sh" arguments="/opt/Kudu/Scripts/parallel_rsync.sh /tmp/zipdeploy/extracted /home/site/wwwroot 8 /tmp/ False False  " /><!-- duration: 1468ms -->
                <step title="Modified file to trigger a restart of the app container." date="2025-07-26T14:16:49.217" /><!-- duration: 2ms -->
                <step title="Skip function trigger and logicapp sync because function is not enabled." date="2025-07-26T14:16:49.223" /><!-- duration: 4ms -->
                <step title="Purge deployment items" date="2025-07-26T14:16:50.015" >
                  <step title="Remove 38c61702-, Success, received at 07/25/2025 15:28:26" date="2025-07-26T14:16:50.058" /><!-- duration: 2ms -->
                </step><!-- duration: 48ms -->
              </step><!-- duration: 3002ms -->
            </step><!-- duration: 3099ms -->
            <step title="Cleaning up temp files" date="2025-07-26T14:16:50.118" /><!-- duration: 3ms -->
            <step title="Cleaning up temp files" date="2025-07-26T14:16:50.123" /><!-- duration: 504ms -->
            <step title="Reloading status file with latest updates" date="2025-07-26T14:16:50.660" >
              <step title="WebHooksManager.PublishEventAsync: PostDeployment" date="2025-07-26T14:16:50.664" /><!-- duration: 34ms -->
            </step><!-- duration: 42ms -->
            <step title="Cleaning up temporary deployment - fetch deployment was successful" date="2025-07-26T14:16:50.708" /><!-- duration: 2ms -->
          </step><!-- duration: 3867ms -->
        </step><!-- duration: 5282ms -->
        <step title="Outgoing response" date="2025-07-26T14:16:50.803" type="response" statusCode="200" statusText="OK" /><!-- duration: 2ms -->
      </step><!-- duration: 5301ms -->
