<step title="Incoming Request" date="2025-07-26T08:16:29.739" instance="4e34fd" url="/api/publish?type=zip" method="POST" type="request" pid="768,1,5" Accept="*/*" Host="tenant-optimizer-web.scm.azurewebsites.net" User-Agent="AZURECLI/2.75.0 (DEB)" Accept-Encoding="gzip, deflate" Authorization="Bas..." Cache-Control="no-cache" Content-Type="application/octet-stream" Cookie="ARRAffinity=4e34fd1dcf287fe6e10b93d54f0687cf933ff0e6150f35901216ccdf393ab071; ARRAffinitySameSite=4e34fd1dcf287fe6e10b93d54f0687cf933ff0e6150f35901216ccdf393ab071" Content-Length="53573" x-ms-client-request-id="cddb5dae-69f8-11f0-ab6d-000d3a304f62" x-ms-artifact-checksum="a89190337d9dd5f5719487986b66aa5490f97094a1b0fe42fee24ba512c6fbeb" X-ARR-LOG-ID="cddb5dae-69f8-11f0-ab6d-000d3a304f62" CLIENT-IP="172.184.213.160:33729" X-SITE-DEPLOYMENT-ID="tenant-optimizer-web" WAS-DEFAULT-HOSTNAME="tenant-optimizer-web.scm.azurewebsites.net" X-Forwarded-Proto="https" X-AppService-Proto="https" X-Forwarded-TlsVersion="1.3" X-WAWS-Unencoded-URL="/api/publish?type=zip" X-Client-IP="172.184.213.160" X-Client-Port="33729" >
  <step title="OneDeploy" date="2025-07-26T08:16:29.771" >
    <step title="None repository commit" date="2025-07-26T08:16:29.782" >
      <step title="Commit id: 4cf21f79-3dce-4c7b-baa9-476c894e7aba" date="2025-07-26T08:16:29.785" Message="N/A" AuthorName="N/A" AuthorEmail="N/A" /><!-- duration: 2ms -->
    </step><!-- duration: 7ms -->
    <step title="Starting PushDeployAsync" date="2025-07-26T08:16:29.791" /><!-- duration: 2ms -->
    <step title="Writing artifact to /tmp/zipdeploy/68c0d343-5baf-4c7f-ad5b-4661ba6af9e8.zip" date="2025-07-26T08:16:29.805" >
      <step title="Writing multipart request body to /tmp/zipdeploy/68c0d343-5baf-4c7f-ad5b-4661ba6af9e8.zip" date="2025-07-26T08:16:29.807" /><!-- duration: 4ms -->
    </step><!-- duration: 184ms -->
    <step title="Attempting to fetch target branch HEAD" date="2025-07-26T08:16:30.001" /><!-- duration: 9ms -->
    <step title="Acquiring Deployment Lock" date="2025-07-26T08:16:30.013" /><!-- duration: 5ms -->
    <step title="Acquired Deployment Lock" date="2025-07-26T08:16:30.061" /><!-- duration: 2ms -->
    <step title="Performing fetch based deployment" date="2025-07-26T08:16:30.076" >
      <step title="Creating temporary deployment" date="2025-07-26T08:16:30.078" /><!-- duration: 51ms -->
      <step title="Releasing Deployment Lock" date="2025-07-26T08:16:31.266" /><!-- duration: 7ms -->
      <step title="Cleaning up temp folders from previous zip deployments and extracting pushed zip file /tmp/zipdeploy/68c0d343-5baf-4c7f-ad5b-4661ba6af9e8.zip (0.05 MB) to /tmp/zipdeploy/extracted" date="2025-07-26T08:16:31.292" >
        <step title="ChmodRecursive Process exited with total time taken in ms: 16" date="2025-07-26T08:16:31.321" /><!-- duration: 3ms -->
      </step><!-- duration: 36ms -->
      <step title="None repository commit" date="2025-07-26T08:16:31.333" >
        <step title="Commit id: 4cf21f79-3dce-4c7b-baa9-476c894e7aba" date="2025-07-26T08:16:31.335" Message="OneDeploy" AuthorName="N/A" AuthorEmail="N/A" /><!-- duration: 3ms -->
      </step><!-- duration: 7ms -->
      <step title="Deployment timer started" date="2025-07-26T08:16:33.344" >
        <step title="DeploymentManager.Deploy(id:4cf21f79-3dce-4c7b-baa9-476c894e7aba)" date="2025-07-26T08:16:33.353" >
          <step title="Collecting changeset information" date="2025-07-26T08:16:33.368" /><!-- duration: 68ms -->
          <step title="Updating submodules" date="2025-07-26T08:16:33.441" /><!-- duration: 1102ms -->
          <step title="Determining deployment builder" date="2025-07-26T08:16:34.743" >
            <step title="Builder is OneDeployBuilder" date="2025-07-26T08:16:34.756" /><!-- duration: 2ms -->
          </step><!-- duration: 16ms -->
          <step title="PreDeployment: context.CleanOutputPath False" date="2025-07-26T08:16:34.793" >
            <step title="PreDeployment: context.OutputPath /home/site/wwwroot" date="2025-07-26T08:16:34.883" >
              <step title="Building" date="2025-07-26T08:16:34.988" >
                <step title="Executing external process" date="2025-07-26T08:16:35.363" type="process" path="starter.sh" arguments="/opt/Kudu/Scripts/parallel_rsync.sh /tmp/zipdeploy/extracted /home/site/wwwroot 8 /tmp/ False False  " /><!-- duration: 1651ms -->
                <step title="Modified file to trigger a restart of the app container." date="2025-07-26T08:16:37.336" /><!-- duration: 3ms -->
                <step title="Skip function trigger and logicapp sync because function is not enabled." date="2025-07-26T08:16:37.341" /><!-- duration: 5ms -->
                <step title="Purge deployment items" date="2025-07-26T08:16:38.095" >
                  <step title="Remove 72a7f192-, Success, received at 07/24/2025 22:21:25" date="2025-07-26T08:16:38.135" /><!-- duration: 2ms -->
                </step><!-- duration: 44ms -->
              </step><!-- duration: 3217ms -->
            </step><!-- duration: 3327ms -->
            <step title="Cleaning up temp files" date="2025-07-26T08:16:38.212" /><!-- duration: 3ms -->
            <step title="Cleaning up temp files" date="2025-07-26T08:16:38.219" /><!-- duration: 503ms -->
            <step title="Reloading status file with latest updates" date="2025-07-26T08:16:38.741" >
              <step title="WebHooksManager.PublishEventAsync: PostDeployment" date="2025-07-26T08:16:38.744" /><!-- duration: 38ms -->
            </step><!-- duration: 44ms -->
            <step title="Cleaning up temporary deployment - fetch deployment was successful" date="2025-07-26T08:16:38.791" /><!-- duration: 3ms -->
          </step><!-- duration: 4071ms -->
        </step><!-- duration: 5517ms -->
        <step title="Outgoing response" date="2025-07-26T08:16:38.875" type="response" statusCode="200" statusText="OK" /><!-- duration: 3ms -->
      </step><!-- duration: 5535ms -->
