<step title="Incoming Request" date="2025-07-29T11:33:35.600" instance="4e34fd" url="/api/publish?type=zip" method="POST" type="request" pid="768,1,5" Accept="*/*" Host="tenant-optimizer-web.scm.azurewebsites.net" User-Agent="AZURECLI/2.75.0 (DEB)" Accept-Encoding="gzip, deflate" Authorization="Bas..." Cache-Control="no-cache" Content-Type="application/octet-stream" Cookie="ARRAffinity=4e34fd1dcf287fe6e10b93d54f0687cf933ff0e6150f35901216ccdf393ab071; ARRAffinitySameSite=4e34fd1dcf287fe6e10b93d54f0687cf933ff0e6150f35901216ccdf393ab071" Content-Length="141648" x-ms-client-request-id="d2f340c6-6c6f-11f0-ab6d-7c1e52053b3a" x-ms-artifact-checksum="f3e0e6ca75aa35bb14cb8402408779b0f61f970ea293202e33360cd57cb7e7a1" X-ARR-LOG-ID="d2f340c6-6c6f-11f0-ab6d-7c1e52053b3a" CLIENT-IP="172.182.224.197:12329" X-SITE-DEPLOYMENT-ID="tenant-optimizer-web" WAS-DEFAULT-HOSTNAME="tenant-optimizer-web.scm.azurewebsites.net" X-Forwarded-Proto="https" X-AppService-Proto="https" X-Forwarded-TlsVersion="1.3" X-WAWS-Unencoded-URL="/api/publish?type=zip" X-Client-IP="172.182.224.197" X-Client-Port="12329" >
  <step title="OneDeploy" date="2025-07-29T11:33:35.672" >
    <step title="None repository commit" date="2025-07-29T11:33:35.685" >
      <step title="Commit id: 2bcb64f8-1dd8-4cae-94e5-f126fdddddc6" date="2025-07-29T11:33:35.687" Message="N/A" AuthorName="N/A" AuthorEmail="N/A" /><!-- duration: 1ms -->
    </step><!-- duration: 5ms -->
    <step title="Starting PushDeployAsync" date="2025-07-29T11:33:35.691" /><!-- duration: 9ms -->
    <step title="Writing artifact to /tmp/zipdeploy/74aabc35-2d3b-42a9-b3d3-ed637d25bf2a.zip" date="2025-07-29T11:33:35.716" >
      <step title="Writing multipart request body to /tmp/zipdeploy/74aabc35-2d3b-42a9-b3d3-ed637d25bf2a.zip" date="2025-07-29T11:33:35.719" /><!-- duration: 1ms -->
    </step><!-- duration: 207ms -->
    <step title="Attempting to fetch target branch HEAD" date="2025-07-29T11:33:35.935" /><!-- duration: 2ms -->
    <step title="Acquiring Deployment Lock" date="2025-07-29T11:33:35.947" /><!-- duration: 2ms -->
    <step title="Acquired Deployment Lock" date="2025-07-29T11:33:35.974" /><!-- duration: 1ms -->
    <step title="Performing fetch based deployment" date="2025-07-29T11:33:35.980" >
      <step title="Creating temporary deployment" date="2025-07-29T11:33:35.989" /><!-- duration: 121ms -->
      <step title="Releasing Deployment Lock" date="2025-07-29T11:33:37.314" /><!-- duration: 6ms -->
      <step title="Cleaning up temp folders from previous zip deployments and extracting pushed zip file /tmp/zipdeploy/74aabc35-2d3b-42a9-b3d3-ed637d25bf2a.zip (0.14 MB) to /tmp/zipdeploy/extracted" date="2025-07-29T11:33:37.333" >
        <step title="ChmodRecursive Process exited with total time taken in ms: 28" date="2025-07-29T11:33:37.401" /><!-- duration: 5ms -->
      </step><!-- duration: 75ms -->
      <step title="None repository commit" date="2025-07-29T11:33:37.415" >
        <step title="Commit id: 2bcb64f8-1dd8-4cae-94e5-f126fdddddc6" date="2025-07-29T11:33:37.417" Message="OneDeploy" AuthorName="N/A" AuthorEmail="N/A" /><!-- duration: 1ms -->
      </step><!-- duration: 5ms -->
      <step title="Deployment timer started" date="2025-07-29T11:33:39.423" >
        <step title="DeploymentManager.Deploy(id:2bcb64f8-1dd8-4cae-94e5-f126fdddddc6)" date="2025-07-29T11:33:39.439" >
          <step title="Collecting changeset information" date="2025-07-29T11:33:39.450" /><!-- duration: 72ms -->
          <step title="Updating submodules" date="2025-07-29T11:33:39.526" /><!-- duration: 1206ms -->
          <step title="Determining deployment builder" date="2025-07-29T11:33:40.940" >
            <step title="Builder is OneDeployBuilder" date="2025-07-29T11:33:40.951" /><!-- duration: 1ms -->
          </step><!-- duration: 15ms -->
          <step title="PreDeployment: context.CleanOutputPath False" date="2025-07-29T11:33:40.988" >
            <step title="PreDeployment: context.OutputPath /home/site/wwwroot" date="2025-07-29T11:33:41.095" >
              <step title="Building" date="2025-07-29T11:33:41.228" >
                <step title="Executing external process" date="2025-07-29T11:33:41.590" type="process" path="starter.sh" arguments="/opt/Kudu/Scripts/parallel_rsync.sh /tmp/zipdeploy/extracted /home/site/wwwroot 8 /tmp/ False False  " /><!-- duration: 1400ms -->
                <step title="Modified file to trigger a restart of the app container." date="2025-07-29T11:33:43.312" /><!-- duration: 2ms -->
                <step title="Skip function trigger and logicapp sync because function is not enabled." date="2025-07-29T11:33:43.317" /><!-- duration: 5ms -->
                <step title="Purge deployment items" date="2025-07-29T11:33:44.129" >
                  <step title="Remove 7a7607ad-, Success, received at 07/29/2025 06:33:33" date="2025-07-29T11:33:44.298" /><!-- duration: 5ms -->
                </step><!-- duration: 178ms -->
              </step><!-- duration: 3138ms -->
            </step><!-- duration: 3273ms -->
            <step title="Cleaning up temp files" date="2025-07-29T11:33:44.369" /><!-- duration: 3ms -->
            <step title="Cleaning up temp files" date="2025-07-29T11:33:44.375" /><!-- duration: 503ms -->
            <step title="Reloading status file with latest updates" date="2025-07-29T11:33:44.905" >
              <step title="WebHooksManager.PublishEventAsync: PostDeployment" date="2025-07-29T11:33:44.912" /><!-- duration: 34ms -->
            </step><!-- duration: 42ms -->
            <step title="Cleaning up temporary deployment - fetch deployment was successful" date="2025-07-29T11:33:44.950" /><!-- duration: 2ms -->
          </step><!-- duration: 4041ms -->
        </step><!-- duration: 5594ms -->
        <step title="Outgoing response" date="2025-07-29T11:33:45.039" type="response" statusCode="200" statusText="OK" /><!-- duration: 2ms -->
      </step><!-- duration: 5620ms -->
