<step title="Incoming Request" date="2025-07-28T19:12:25.495" instance="4e34fd" url="/api/publish?type=zip" method="POST" type="request" pid="768,1,16" Accept="*/*" Host="tenant-optimizer-web.scm.azurewebsites.net" User-Agent="AZURECLI/2.75.0 (DEB)" Accept-Encoding="gzip, deflate" Authorization="Bas..." Cache-Control="no-cache" Content-Type="application/octet-stream" Cookie="ARRAffinity=4e34fd1dcf287fe6e10b93d54f0687cf933ff0e6150f35901216ccdf393ab071; ARRAffinitySameSite=4e34fd1dcf287fe6e10b93d54f0687cf933ff0e6150f35901216ccdf393ab071" Content-Length="134400" x-ms-client-request-id="c67e25c4-6be6-11f0-ab6d-6045bd30dd25" x-ms-artifact-checksum="b8ed626c9bd11221f2baca7e0cab9e08ee18b275f80965452eec8bc89c6ad465" X-ARR-LOG-ID="c67e25c4-6be6-11f0-ab6d-6045bd30dd25" CLIENT-IP="52.173.182.165:36866" X-SITE-DEPLOYMENT-ID="tenant-optimizer-web" WAS-DEFAULT-HOSTNAME="tenant-optimizer-web.scm.azurewebsites.net" X-Forwarded-Proto="https" X-AppService-Proto="https" X-Forwarded-TlsVersion="1.3" X-WAWS-Unencoded-URL="/api/publish?type=zip" X-Client-IP="52.173.182.165" X-Client-Port="36866" >
  <step title="OneDeploy" date="2025-07-28T19:12:25.579" >
    <step title="None repository commit" date="2025-07-28T19:12:25.633" >
      <step title="Commit id: a4b44924-6e4e-4bc5-8888-a28c3a68a8fd" date="2025-07-28T19:12:25.642" Message="N/A" AuthorName="N/A" AuthorEmail="N/A" /><!-- duration: 3ms -->
    </step><!-- duration: 15ms -->
    <step title="Starting PushDeployAsync" date="2025-07-28T19:12:25.652" /><!-- duration: 2ms -->
    <step title="Writing artifact to /tmp/zipdeploy/084c7a54-8429-4e3c-a90e-4bccf3b00267.zip" date="2025-07-28T19:12:25.674" >
      <step title="Writing multipart request body to /tmp/zipdeploy/084c7a54-8429-4e3c-a90e-4bccf3b00267.zip" date="2025-07-28T19:12:25.681" /><!-- duration: 5ms -->
    </step><!-- duration: 117ms -->
    <step title="Attempting to fetch target branch HEAD" date="2025-07-28T19:12:25.798" /><!-- duration: 2ms -->
    <step title="Acquiring Deployment Lock" date="2025-07-28T19:12:25.803" /><!-- duration: 3ms -->
    <step title="Acquired Deployment Lock" date="2025-07-28T19:12:25.834" /><!-- duration: 3ms -->
    <step title="Performing fetch based deployment" date="2025-07-28T19:12:25.844" >
      <step title="Creating temporary deployment" date="2025-07-28T19:12:25.847" /><!-- duration: 46ms -->
      <step title="Releasing Deployment Lock" date="2025-07-28T19:12:27.001" /><!-- duration: 7ms -->
      <step title="Cleaning up temp folders from previous zip deployments and extracting pushed zip file /tmp/zipdeploy/084c7a54-8429-4e3c-a90e-4bccf3b00267.zip (0.13 MB) to /tmp/zipdeploy/extracted" date="2025-07-28T19:12:27.025" >
        <step title="ChmodRecursive Process exited with total time taken in ms: 26" date="2025-07-28T19:12:27.064" /><!-- duration: 5ms -->
      </step><!-- duration: 48ms -->
      <step title="None repository commit" date="2025-07-28T19:12:27.078" >
        <step title="Commit id: a4b44924-6e4e-4bc5-8888-a28c3a68a8fd" date="2025-07-28T19:12:27.081" Message="OneDeploy" AuthorName="N/A" AuthorEmail="N/A" /><!-- duration: 3ms -->
      </step><!-- duration: 7ms -->
      <step title="Deployment timer started" date="2025-07-28T19:12:29.097" >
        <step title="DeploymentManager.Deploy(id:a4b44924-6e4e-4bc5-8888-a28c3a68a8fd)" date="2025-07-28T19:12:29.109" >
          <step title="Collecting changeset information" date="2025-07-28T19:12:29.163" /><!-- duration: 96ms -->
          <step title="Updating submodules" date="2025-07-28T19:12:29.278" /><!-- duration: 1119ms -->
          <step title="Determining deployment builder" date="2025-07-28T19:12:30.597" >
            <step title="Builder is OneDeployBuilder" date="2025-07-28T19:12:30.616" /><!-- duration: 5ms -->
          </step><!-- duration: 28ms -->
          <step title="PreDeployment: context.CleanOutputPath False" date="2025-07-28T19:12:30.669" >
            <step title="PreDeployment: context.OutputPath /home/site/wwwroot" date="2025-07-28T19:12:30.779" >
              <step title="Building" date="2025-07-28T19:12:30.898" >
                <step title="Executing external process" date="2025-07-28T19:12:31.341" type="process" path="starter.sh" arguments="/opt/Kudu/Scripts/parallel_rsync.sh /tmp/zipdeploy/extracted /home/site/wwwroot 8 /tmp/ False False  " /><!-- duration: 1435ms -->
                <step title="Modified file to trigger a restart of the app container." date="2025-07-28T19:12:33.095" /><!-- duration: 3ms -->
                <step title="Skip function trigger and logicapp sync because function is not enabled." date="2025-07-28T19:12:33.101" /><!-- duration: 5ms -->
                <step title="Purge deployment items" date="2025-07-28T19:12:33.982" >
                  <step title="Remove 5c316030-, Success, received at 07/27/2025 22:17:00" date="2025-07-28T19:12:34.033" /><!-- duration: 5ms -->
                </step><!-- duration: 60ms -->
              </step><!-- duration: 3202ms -->
            </step><!-- duration: 3462ms -->
            <step title="Cleaning up temp files" date="2025-07-28T19:12:34.245" /><!-- duration: 5ms -->
            <step title="Cleaning up temp files" date="2025-07-28T19:12:34.256" /><!-- duration: 541ms -->
            <step title="Reloading status file with latest updates" date="2025-07-28T19:12:34.825" >
              <step title="WebHooksManager.PublishEventAsync: PostDeployment" date="2025-07-28T19:12:34.829" /><!-- duration: 42ms -->
            </step><!-- duration: 49ms -->
            <step title="Cleaning up temporary deployment - fetch deployment was successful" date="2025-07-28T19:12:34.885" /><!-- duration: 3ms -->
          </step><!-- duration: 4291ms -->
        </step><!-- duration: 5858ms -->
        <step title="Outgoing response" date="2025-07-28T19:12:34.973" type="response" statusCode="200" statusText="OK" /><!-- duration: 3ms -->
      </step><!-- duration: 5881ms -->
