<step title="Incoming Request" date="2025-07-29T07:51:31.174" instance="4e34fd" url="/api/publish?type=zip" method="POST" type="request" pid="767,1,14" Accept="*/*" Host="tenant-optimizer-web.scm.azurewebsites.net" User-Agent="AZURECLI/2.75.0 (DEB)" Accept-Encoding="gzip, deflate" Authorization="Bas..." Cache-Control="no-cache" Content-Type="application/octet-stream" Cookie="ARRAffinity=4e34fd1dcf287fe6e10b93d54f0687cf933ff0e6150f35901216ccdf393ab071; ARRAffinitySameSite=4e34fd1dcf287fe6e10b93d54f0687cf933ff0e6150f35901216ccdf393ab071" Content-Length="134935" x-ms-client-request-id="cf69baa8-6c50-11f0-ab6d-6045bd7f781f" x-ms-artifact-checksum="7e0a38ec55ec1afc500d88da7b4328998cc174e39e9254c1443d2ff944e0e787" X-ARR-LOG-ID="cf69baa8-6c50-11f0-ab6d-6045bd7f781f" CLIENT-IP="135.119.132.149:20521" X-SITE-DEPLOYMENT-ID="tenant-optimizer-web" WAS-DEFAULT-HOSTNAME="tenant-optimizer-web.scm.azurewebsites.net" X-Forwarded-Proto="https" X-AppService-Proto="https" X-Forwarded-TlsVersion="1.3" X-WAWS-Unencoded-URL="/api/publish?type=zip" X-Client-IP="135.119.132.149" X-Client-Port="20521" >
  <step title="Cleanup Xml Logs" date="2025-07-29T07:51:31.187" >
    <step title="Cleanup Infos" date="2025-07-29T07:51:31.252" totalFiles="231" totalCleanup="71" /><!-- duration: 4ms -->
  </step><!-- duration: 72ms -->
  <step title="OneDeploy" date="2025-07-29T07:51:31.364" >
    <step title="None repository commit" date="2025-07-29T07:51:31.379" >
      <step title="Commit id: bcd1148e-ef09-4bab-a2c7-2cda137fb7ca" date="2025-07-29T07:51:31.382" Message="N/A" AuthorName="N/A" AuthorEmail="N/A" /><!-- duration: 5ms -->
    </step><!-- duration: 11ms -->
    <step title="Starting PushDeployAsync" date="2025-07-29T07:51:31.395" /><!-- duration: 3ms -->
    <step title="Writing artifact to /tmp/zipdeploy/81d3123a-e0a5-4f2e-ba78-797ee61f7755.zip" date="2025-07-29T07:51:31.417" >
      <step title="Writing multipart request body to /tmp/zipdeploy/81d3123a-e0a5-4f2e-ba78-797ee61f7755.zip" date="2025-07-29T07:51:31.426" /><!-- duration: 29ms -->
    </step><!-- duration: 67ms -->
    <step title="Attempting to fetch target branch HEAD" date="2025-07-29T07:51:31.499" /><!-- duration: 5ms -->
    <step title="Acquiring Deployment Lock" date="2025-07-29T07:51:31.514" /><!-- duration: 2ms -->
    <step title="Acquired Deployment Lock" date="2025-07-29T07:51:31.580" /><!-- duration: 8ms -->
    <step title="Performing fetch based deployment" date="2025-07-29T07:51:31.595" >
      <step title="Creating temporary deployment" date="2025-07-29T07:51:31.609" /><!-- duration: 94ms -->
      <step title="Releasing Deployment Lock" date="2025-07-29T07:51:32.954" /><!-- duration: 12ms -->
      <step title="Cleaning up temp folders from previous zip deployments and extracting pushed zip file /tmp/zipdeploy/81d3123a-e0a5-4f2e-ba78-797ee61f7755.zip (0.13 MB) to /tmp/zipdeploy/extracted" date="2025-07-29T07:51:32.982" >
        <step title="ChmodRecursive Process exited with total time taken in ms: 26" date="2025-07-29T07:51:33.025" /><!-- duration: 3ms -->
      </step><!-- duration: 50ms -->
      <step title="None repository commit" date="2025-07-29T07:51:33.044" >
        <step title="Commit id: bcd1148e-ef09-4bab-a2c7-2cda137fb7ca" date="2025-07-29T07:51:33.047" Message="OneDeploy" AuthorName="N/A" AuthorEmail="N/A" /><!-- duration: 3ms -->
      </step><!-- duration: 10ms -->
      <step title="Deployment timer started" date="2025-07-29T07:51:35.058" >
        <step title="DeploymentManager.Deploy(id:bcd1148e-ef09-4bab-a2c7-2cda137fb7ca)" date="2025-07-29T07:51:35.074" >
          <step title="Collecting changeset information" date="2025-07-29T07:51:35.103" /><!-- duration: 105ms -->
          <step title="Updating submodules" date="2025-07-29T07:51:35.215" /><!-- duration: 1111ms -->
          <step title="Determining deployment builder" date="2025-07-29T07:51:36.558" >
            <step title="Builder is OneDeployBuilder" date="2025-07-29T07:51:36.635" /><!-- duration: 18ms -->
          </step><!-- duration: 121ms -->
          <step title="PreDeployment: context.CleanOutputPath False" date="2025-07-29T07:51:36.797" >
            <step title="PreDeployment: context.OutputPath /home/site/wwwroot" date="2025-07-29T07:51:37.095" >
              <step title="Building" date="2025-07-29T07:51:37.238" >
                <step title="Executing external process" date="2025-07-29T07:51:37.884" type="process" path="starter.sh" arguments="/opt/Kudu/Scripts/parallel_rsync.sh /tmp/zipdeploy/extracted /home/site/wwwroot 8 /tmp/ False False  " /><!-- duration: 1827ms -->
                <step title="Modified file to trigger a restart of the app container." date="2025-07-29T07:51:40.112" /><!-- duration: 6ms -->
                <step title="Skip function trigger and logicapp sync because function is not enabled." date="2025-07-29T07:51:40.121" /><!-- duration: 6ms -->
                <step title="Purge deployment items" date="2025-07-29T07:51:41.112" >
                  <step title="Remove 2ee90faf-, Success, received at 07/28/2025 18:48:00" date="2025-07-29T07:51:41.187" /><!-- duration: 21ms -->
                </step><!-- duration: 100ms -->
              </step><!-- duration: 4037ms -->
            </step><!-- duration: 4185ms -->
            <step title="Cleaning up temp files" date="2025-07-29T07:51:41.282" /><!-- duration: 3ms -->
            <step title="Cleaning up temp files" date="2025-07-29T07:51:41.290" /><!-- duration: 504ms -->
            <step title="Reloading status file with latest updates" date="2025-07-29T07:51:41.828" >
              <step title="WebHooksManager.PublishEventAsync: PostDeployment" date="2025-07-29T07:51:41.831" /><!-- duration: 53ms -->
            </step><!-- duration: 83ms -->
            <step title="Cleaning up temporary deployment - fetch deployment was successful" date="2025-07-29T07:51:42.141" /><!-- duration: 3ms -->
          </step><!-- duration: 5475ms -->
        </step><!-- duration: 7204ms -->
        <step title="Outgoing response" date="2025-07-29T07:51:42.284" type="response" statusCode="200" statusText="OK" /><!-- duration: 3ms -->
      </step><!-- duration: 7232ms -->
