<step title="Incoming Request" date="2025-07-28T19:14:28.292" instance="4e34fd" url="/api/publish?type=zip" method="POST" type="request" pid="768,1,16" Accept="*/*" Host="tenant-optimizer-web.scm.azurewebsites.net" User-Agent="AZURECLI/2.75.0 (DEB)" Accept-Encoding="gzip, deflate" Authorization="Bas..." Cache-Control="no-cache" Content-Type="application/octet-stream" Cookie="ARRAffinity=4e34fd1dcf287fe6e10b93d54f0687cf933ff0e6150f35901216ccdf393ab071; ARRAffinitySameSite=4e34fd1dcf287fe6e10b93d54f0687cf933ff0e6150f35901216ccdf393ab071" Content-Length="134523" x-ms-client-request-id="0fbe3d6e-6be7-11f0-ab6d-7c1e529d43cc" x-ms-artifact-checksum="d3c5eb224afc10a483052da6e981c9fb2475f90e7be0ee3a041960dd4c1cfd35" X-ARR-LOG-ID="0fbe3d6e-6be7-11f0-ab6d-7c1e529d43cc" CLIENT-IP="20.109.38.230:46081" X-SITE-DEPLOYMENT-ID="tenant-optimizer-web" WAS-DEFAULT-HOSTNAME="tenant-optimizer-web.scm.azurewebsites.net" X-Forwarded-Proto="https" X-AppService-Proto="https" X-Forwarded-TlsVersion="1.3" X-WAWS-Unencoded-URL="/api/publish?type=zip" X-Client-IP="20.109.38.230" X-Client-Port="46081" >
  <step title="OneDeploy" date="2025-07-28T19:14:28.322" >
    <step title="None repository commit" date="2025-07-28T19:14:28.332" >
      <step title="Commit id: d268d075-be10-41fd-9dd5-4558884a0f1e" date="2025-07-28T19:14:28.333" Message="N/A" AuthorName="N/A" AuthorEmail="N/A" /><!-- duration: 2ms -->
    </step><!-- duration: 5ms -->
    <step title="Starting PushDeployAsync" date="2025-07-28T19:14:28.340" /><!-- duration: 2ms -->
    <step title="Writing artifact to /tmp/zipdeploy/948b4acf-9e75-4210-a009-36ccddd0b283.zip" date="2025-07-28T19:14:28.355" >
      <step title="Writing multipart request body to /tmp/zipdeploy/948b4acf-9e75-4210-a009-36ccddd0b283.zip" date="2025-07-28T19:14:28.357" /><!-- duration: 5ms -->
    </step><!-- duration: 169ms -->
    <step title="Attempting to fetch target branch HEAD" date="2025-07-28T19:14:28.539" /><!-- duration: 4ms -->
    <step title="Acquiring Deployment Lock" date="2025-07-28T19:14:28.551" /><!-- duration: 5ms -->
    <step title="Acquired Deployment Lock" date="2025-07-28T19:14:28.607" /><!-- duration: 5ms -->
    <step title="Performing fetch based deployment" date="2025-07-28T19:14:28.630" >
      <step title="Creating temporary deployment" date="2025-07-28T19:14:28.636" /><!-- duration: 89ms -->
      <step title="Releasing Deployment Lock" date="2025-07-28T19:14:29.861" /><!-- duration: 7ms -->
      <step title="Cleaning up temp folders from previous zip deployments and extracting pushed zip file /tmp/zipdeploy/948b4acf-9e75-4210-a009-36ccddd0b283.zip (0.13 MB) to /tmp/zipdeploy/extracted" date="2025-07-28T19:14:29.889" >
        <step title="ChmodRecursive Process exited with total time taken in ms: 23" date="2025-07-28T19:14:29.928" /><!-- duration: 4ms -->
      </step><!-- duration: 48ms -->
      <step title="None repository commit" date="2025-07-28T19:14:29.940" >
        <step title="Commit id: d268d075-be10-41fd-9dd5-4558884a0f1e" date="2025-07-28T19:14:29.942" Message="OneDeploy" AuthorName="N/A" AuthorEmail="N/A" /><!-- duration: 2ms -->
      </step><!-- duration: 6ms -->
      <step title="Deployment timer started" date="2025-07-28T19:14:31.950" >
        <step title="DeploymentManager.Deploy(id:d268d075-be10-41fd-9dd5-4558884a0f1e)" date="2025-07-28T19:14:31.960" >
          <step title="Collecting changeset information" date="2025-07-28T19:14:31.975" /><!-- duration: 85ms -->
          <step title="Updating submodules" date="2025-07-28T19:14:32.072" /><!-- duration: 1149ms -->
          <step title="Determining deployment builder" date="2025-07-28T19:14:33.494" >
            <step title="Builder is OneDeployBuilder" date="2025-07-28T19:14:33.571" /><!-- duration: 3ms -->
          </step><!-- duration: 83ms -->
          <step title="PreDeployment: context.CleanOutputPath False" date="2025-07-28T19:14:33.619" >
            <step title="PreDeployment: context.OutputPath /home/site/wwwroot" date="2025-07-28T19:14:33.701" >
              <step title="Building" date="2025-07-28T19:14:33.831" >
                <step title="Executing external process" date="2025-07-28T19:14:34.227" type="process" path="starter.sh" arguments="/opt/Kudu/Scripts/parallel_rsync.sh /tmp/zipdeploy/extracted /home/site/wwwroot 8 /tmp/ False False  " /><!-- duration: 2861ms -->
                <step title="Modified file to trigger a restart of the app container." date="2025-07-28T19:14:37.511" /><!-- duration: 5ms -->
                <step title="Skip function trigger and logicapp sync because function is not enabled." date="2025-07-28T19:14:37.523" /><!-- duration: 6ms -->
                <step title="Purge deployment items" date="2025-07-28T19:14:38.345" >
                  <step title="Remove 2d54fa9d-, Success, received at 07/27/2025 22:32:26" date="2025-07-28T19:14:38.383" /><!-- duration: 7ms -->
                </step><!-- duration: 47ms -->
              </step><!-- duration: 4592ms -->
            </step><!-- duration: 4724ms -->
            <step title="Cleaning up temp files" date="2025-07-28T19:14:38.427" /><!-- duration: 3ms -->
            <step title="Cleaning up temp files" date="2025-07-28T19:14:38.434" /><!-- duration: 503ms -->
            <step title="Reloading status file with latest updates" date="2025-07-28T19:14:38.960" >
              <step title="WebHooksManager.PublishEventAsync: PostDeployment" date="2025-07-28T19:14:38.968" /><!-- duration: 40ms -->
            </step><!-- duration: 51ms -->
            <step title="Cleaning up temporary deployment - fetch deployment was successful" date="2025-07-28T19:14:39.016" /><!-- duration: 2ms -->
          </step><!-- duration: 5460ms -->
        </step><!-- duration: 7125ms -->
        <step title="Outgoing response" date="2025-07-28T19:14:39.092" type="response" statusCode="200" statusText="OK" /><!-- duration: 3ms -->
      </step><!-- duration: 7147ms -->
