<step title="Incoming Request" date="2025-07-27T21:52:38.212" instance="4e34fd" url="/api/publish?type=zip" method="POST" type="request" pid="768,1,7" Accept="*/*" Host="tenant-optimizer-web.scm.azurewebsites.net" User-Agent="AZURECLI/2.75.0 (DEB)" Accept-Encoding="gzip, deflate" Authorization="Bas..." Cache-Control="no-cache" Content-Type="application/octet-stream" Cookie="ARRAffinity=4e34fd1dcf287fe6e10b93d54f0687cf933ff0e6150f35901216ccdf393ab071; ARRAffinitySameSite=4e34fd1dcf287fe6e10b93d54f0687cf933ff0e6150f35901216ccdf393ab071" Content-Length="122764" x-ms-client-request-id="fb9f524a-6b33-11f0-ab6d-000d3a90e9f0" x-ms-artifact-checksum="56df065030e2515c9870cf585ff05426b1ff639ba4ff2c313c2ce610e0602137" X-ARR-LOG-ID="fb9f524a-6b33-11f0-ab6d-000d3a90e9f0" CLIENT-IP="52.154.132.162:39953" X-SITE-DEPLOYMENT-ID="tenant-optimizer-web" WAS-DEFAULT-HOSTNAME="tenant-optimizer-web.scm.azurewebsites.net" X-Forwarded-Proto="https" X-AppService-Proto="https" X-Forwarded-TlsVersion="1.3" X-WAWS-Unencoded-URL="/api/publish?type=zip" X-Client-IP="52.154.132.162" X-Client-Port="39953" >
  <step title="OneDeploy" date="2025-07-27T21:52:38.295" >
    <step title="None repository commit" date="2025-07-27T21:52:38.304" >
      <step title="Commit id: 50203022-5560-456d-8244-3b1b7a0cc9de" date="2025-07-27T21:52:38.306" Message="N/A" AuthorName="N/A" AuthorEmail="N/A" /><!-- duration: 2ms -->
    </step><!-- duration: 6ms -->
    <step title="Starting PushDeployAsync" date="2025-07-27T21:52:38.312" /><!-- duration: 2ms -->
    <step title="Writing artifact to /tmp/zipdeploy/ef659fb5-65e2-4b1a-af43-aa6fb1bd0cc3.zip" date="2025-07-27T21:52:38.327" >
      <step title="Writing multipart request body to /tmp/zipdeploy/ef659fb5-65e2-4b1a-af43-aa6fb1bd0cc3.zip" date="2025-07-27T21:52:38.329" /><!-- duration: 2ms -->
    </step><!-- duration: 108ms -->
    <step title="Attempting to fetch target branch HEAD" date="2025-07-27T21:52:38.457" /><!-- duration: 2ms -->
    <step title="Acquiring Deployment Lock" date="2025-07-27T21:52:38.467" /><!-- duration: 4ms -->
    <step title="Acquired Deployment Lock" date="2025-07-27T21:52:38.498" /><!-- duration: 4ms -->
    <step title="Performing fetch based deployment" date="2025-07-27T21:52:38.511" >
      <step title="Creating temporary deployment" date="2025-07-27T21:52:38.513" /><!-- duration: 58ms -->
      <step title="Releasing Deployment Lock" date="2025-07-27T21:52:39.737" /><!-- duration: 7ms -->
      <step title="Cleaning up temp folders from previous zip deployments and extracting pushed zip file /tmp/zipdeploy/ef659fb5-65e2-4b1a-af43-aa6fb1bd0cc3.zip (0.12 MB) to /tmp/zipdeploy/extracted" date="2025-07-27T21:52:39.770" >
        <step title="ChmodRecursive Process exited with total time taken in ms: 23" date="2025-07-27T21:52:39.815" /><!-- duration: 4ms -->
      </step><!-- duration: 54ms -->
      <step title="None repository commit" date="2025-07-27T21:52:39.830" >
        <step title="Commit id: 50203022-5560-456d-8244-3b1b7a0cc9de" date="2025-07-27T21:52:39.835" Message="OneDeploy" AuthorName="N/A" AuthorEmail="N/A" /><!-- duration: 11ms -->
      </step><!-- duration: 20ms -->
      <step title="Deployment timer started" date="2025-07-27T21:52:41.861" >
        <step title="DeploymentManager.Deploy(id:50203022-5560-456d-8244-3b1b7a0cc9de)" date="2025-07-27T21:52:41.867" >
          <step title="Collecting changeset information" date="2025-07-27T21:52:41.898" /><!-- duration: 92ms -->
          <step title="Updating submodules" date="2025-07-27T21:52:42.011" /><!-- duration: 1135ms -->
          <step title="Determining deployment builder" date="2025-07-27T21:52:43.412" >
            <step title="Builder is OneDeployBuilder" date="2025-07-27T21:52:43.420" /><!-- duration: 2ms -->
          </step><!-- duration: 13ms -->
          <step title="PreDeployment: context.CleanOutputPath False" date="2025-07-27T21:52:43.477" >
            <step title="PreDeployment: context.OutputPath /home/site/wwwroot" date="2025-07-27T21:52:43.560" >
              <step title="Building" date="2025-07-27T21:52:43.655" >
                <step title="Executing external process" date="2025-07-27T21:52:44.128" type="process" path="starter.sh" arguments="/opt/Kudu/Scripts/parallel_rsync.sh /tmp/zipdeploy/extracted /home/site/wwwroot 8 /tmp/ False False  " /><!-- duration: 2578ms -->
                <step title="Modified file to trigger a restart of the app container." date="2025-07-27T21:52:47.020" /><!-- duration: 2ms -->
                <step title="Skip function trigger and logicapp sync because function is not enabled." date="2025-07-27T21:52:47.031" /><!-- duration: 2ms -->
                <step title="Purge deployment items" date="2025-07-27T21:52:47.882" >
                  <step title="Remove 4706dfbc-, Success, received at 07/26/2025 17:44:14" date="2025-07-27T21:52:47.915" /><!-- duration: 2ms -->
                </step><!-- duration: 37ms -->
              </step><!-- duration: 4309ms -->
            </step><!-- duration: 4407ms -->
            <step title="Cleaning up temp files" date="2025-07-27T21:52:47.969" /><!-- duration: 5ms -->
            <step title="Cleaning up temp files" date="2025-07-27T21:52:47.978" /><!-- duration: 504ms -->
            <step title="Reloading status file with latest updates" date="2025-07-27T21:52:48.531" >
              <step title="WebHooksManager.PublishEventAsync: PostDeployment" date="2025-07-27T21:52:48.537" /><!-- duration: 37ms -->
            </step><!-- duration: 45ms -->
            <step title="Cleaning up temporary deployment - fetch deployment was successful" date="2025-07-27T21:52:48.580" /><!-- duration: 2ms -->
          </step><!-- duration: 5196ms -->
        </step><!-- duration: 6811ms -->
        <step title="Outgoing response" date="2025-07-27T21:52:48.687" type="response" statusCode="200" statusText="OK" /><!-- duration: 2ms -->
      </step><!-- duration: 6831ms -->
