<step title="Incoming Request" date="2025-07-26T09:19:29.175" instance="4e34fd" url="/api/publish?type=zip" method="POST" type="request" pid="767,1,14" Accept="*/*" Host="tenant-optimizer-web.scm.azurewebsites.net" User-Agent="AZURECLI/2.75.0 (DEB)" Accept-Encoding="gzip, deflate" Authorization="Bas..." Cache-Control="no-cache" Content-Type="application/octet-stream" Cookie="ARRAffinity=4e34fd1dcf287fe6e10b93d54f0687cf933ff0e6150f35901216ccdf393ab071; ARRAffinitySameSite=4e34fd1dcf287fe6e10b93d54f0687cf933ff0e6150f35901216ccdf393ab071" Content-Length="53587" x-ms-client-request-id="9b23ea62-6a01-11f0-ab6d-7c1e52c75b26" x-ms-artifact-checksum="044ad9a8ea0336883f4b5122df66c9dc4b3395888ff3c97d61aab0eee8635c3d" X-ARR-LOG-ID="9b23ea62-6a01-11f0-ab6d-7c1e52c75b26" CLIENT-IP="20.161.30.48:15361" X-SITE-DEPLOYMENT-ID="tenant-optimizer-web" WAS-DEFAULT-HOSTNAME="tenant-optimizer-web.scm.azurewebsites.net" X-Forwarded-Proto="https" X-AppService-Proto="https" X-Forwarded-TlsVersion="1.3" X-WAWS-Unencoded-URL="/api/publish?type=zip" X-Client-IP="20.161.30.48" X-Client-Port="15361" >
  <step title="OneDeploy" date="2025-07-26T09:19:29.214" >
    <step title="None repository commit" date="2025-07-26T09:19:29.220" >
      <step title="Commit id: bbc50f33-ce36-47dc-adef-07f42e548c83" date="2025-07-26T09:19:29.222" Message="N/A" AuthorName="N/A" AuthorEmail="N/A" /><!-- duration: 2ms -->
    </step><!-- duration: 5ms -->
    <step title="Starting PushDeployAsync" date="2025-07-26T09:19:29.228" /><!-- duration: 2ms -->
    <step title="Writing artifact to /tmp/zipdeploy/892cfbb1-b3cc-47fa-b1b0-aa3a7740b1de.zip" date="2025-07-26T09:19:29.241" >
      <step title="Writing multipart request body to /tmp/zipdeploy/892cfbb1-b3cc-47fa-b1b0-aa3a7740b1de.zip" date="2025-07-26T09:19:29.243" /><!-- duration: 4ms -->
    </step><!-- duration: 27ms -->
    <step title="Attempting to fetch target branch HEAD" date="2025-07-26T09:19:29.274" /><!-- duration: 1ms -->
    <step title="Acquiring Deployment Lock" date="2025-07-26T09:19:29.278" /><!-- duration: 4ms -->
    <step title="Acquired Deployment Lock" date="2025-07-26T09:19:29.322" /><!-- duration: 2ms -->
    <step title="Performing fetch based deployment" date="2025-07-26T09:19:29.330" >
      <step title="Creating temporary deployment" date="2025-07-26T09:19:29.332" /><!-- duration: 84ms -->
      <step title="Releasing Deployment Lock" date="2025-07-26T09:19:30.568" /><!-- duration: 7ms -->
      <step title="Cleaning up temp folders from previous zip deployments and extracting pushed zip file /tmp/zipdeploy/892cfbb1-b3cc-47fa-b1b0-aa3a7740b1de.zip (0.05 MB) to /tmp/zipdeploy/extracted" date="2025-07-26T09:19:30.592" >
        <step title="ChmodRecursive Process exited with total time taken in ms: 22" date="2025-07-26T09:19:30.625" /><!-- duration: 12ms -->
      </step><!-- duration: 47ms -->
      <step title="None repository commit" date="2025-07-26T09:19:30.644" >
        <step title="Commit id: bbc50f33-ce36-47dc-adef-07f42e548c83" date="2025-07-26T09:19:30.647" Message="OneDeploy" AuthorName="N/A" AuthorEmail="N/A" /><!-- duration: 2ms -->
      </step><!-- duration: 7ms -->
      <step title="Deployment timer started" date="2025-07-26T09:19:32.656" >
        <step title="DeploymentManager.Deploy(id:bbc50f33-ce36-47dc-adef-07f42e548c83)" date="2025-07-26T09:19:32.663" >
          <step title="Collecting changeset information" date="2025-07-26T09:19:32.676" /><!-- duration: 75ms -->
          <step title="Updating submodules" date="2025-07-26T09:19:32.756" /><!-- duration: 1111ms -->
          <step title="Determining deployment builder" date="2025-07-26T09:19:34.035" >
            <step title="Builder is OneDeployBuilder" date="2025-07-26T09:19:34.045" /><!-- duration: 2ms -->
          </step><!-- duration: 13ms -->
          <step title="PreDeployment: context.CleanOutputPath False" date="2025-07-26T09:19:34.084" >
            <step title="PreDeployment: context.OutputPath /home/site/wwwroot" date="2025-07-26T09:19:34.179" >
              <step title="Building" date="2025-07-26T09:19:34.285" >
                <step title="Executing external process" date="2025-07-26T09:19:34.638" type="process" path="starter.sh" arguments="/opt/Kudu/Scripts/parallel_rsync.sh /tmp/zipdeploy/extracted /home/site/wwwroot 8 /tmp/ False False  " /><!-- duration: 1535ms -->
                <step title="Modified file to trigger a restart of the app container." date="2025-07-26T09:19:36.482" /><!-- duration: 7ms -->
                <step title="Skip function trigger and logicapp sync because function is not enabled." date="2025-07-26T09:19:36.492" /><!-- duration: 2ms -->
                <step title="Purge deployment items" date="2025-07-26T09:19:37.272" >
                  <step title="Remove c9fe3b3a-, Success, received at 07/25/2025 10:54:54" date="2025-07-26T09:19:37.309" /><!-- duration: 2ms -->
                </step><!-- duration: 41ms -->
              </step><!-- duration: 3091ms -->
            </step><!-- duration: 3200ms -->
            <step title="Cleaning up temp files" date="2025-07-26T09:19:37.381" /><!-- duration: 3ms -->
            <step title="Cleaning up temp files" date="2025-07-26T09:19:37.387" /><!-- duration: 503ms -->
            <step title="Reloading status file with latest updates" date="2025-07-26T09:19:37.922" >
              <step title="WebHooksManager.PublishEventAsync: PostDeployment" date="2025-07-26T09:19:37.926" /><!-- duration: 34ms -->
            </step><!-- duration: 40ms -->
            <step title="Cleaning up temporary deployment - fetch deployment was successful" date="2025-07-26T09:19:37.967" /><!-- duration: 3ms -->
          </step><!-- duration: 3947ms -->
        </step><!-- duration: 5374ms -->
        <step title="Outgoing response" date="2025-07-26T09:19:38.042" type="response" statusCode="200" statusText="OK" /><!-- duration: 7ms -->
      </step><!-- duration: 5395ms -->
