<step title="Incoming Request" date="2025-07-29T12:41:21.665" instance="4e34fd" url="/api/publish?type=zip" method="POST" type="request" pid="767,1,7" Accept="*/*" Host="tenant-optimizer-web.scm.azurewebsites.net" User-Agent="AZURECLI/2.75.0 (DEB)" Accept-Encoding="gzip, deflate" Authorization="Bas..." Cache-Control="no-cache" Content-Type="application/octet-stream" Cookie="ARRAffinity=4e34fd1dcf287fe6e10b93d54f0687cf933ff0e6150f35901216ccdf393ab071; ARRAffinitySameSite=4e34fd1dcf287fe6e10b93d54f0687cf933ff0e6150f35901216ccdf393ab071" Content-Length="141766" x-ms-client-request-id="4ff51d02-6c79-11f0-ab6d-002248910a39" x-ms-artifact-checksum="d7a3aa3f055fa80a9f6ebcd86ff762f3039f3604ccf79c33d5fbe040b01bbfd6" X-ARR-LOG-ID="4ff51d02-6c79-11f0-ab6d-002248910a39" CLIENT-IP="64.236.169.5:24617" X-SITE-DEPLOYMENT-ID="tenant-optimizer-web" WAS-DEFAULT-HOSTNAME="tenant-optimizer-web.scm.azurewebsites.net" X-Forwarded-Proto="https" X-AppService-Proto="https" X-Forwarded-TlsVersion="1.3" X-WAWS-Unencoded-URL="/api/publish?type=zip" X-Client-IP="64.236.169.5" X-Client-Port="24617" >
  <step title="OneDeploy" date="2025-07-29T12:41:21.701" >
    <step title="None repository commit" date="2025-07-29T12:41:21.709" >
      <step title="Commit id: fdd25230-2b33-4ebf-a97d-f35d711ab96e" date="2025-07-29T12:41:21.712" Message="N/A" AuthorName="N/A" AuthorEmail="N/A" /><!-- duration: 3ms -->
    </step><!-- duration: 8ms -->
    <step title="Starting PushDeployAsync" date="2025-07-29T12:41:21.720" /><!-- duration: 4ms -->
    <step title="Writing artifact to /tmp/zipdeploy/02866b4b-b4db-4745-ac2c-5e4fde65064b.zip" date="2025-07-29T12:41:21.741" >
      <step title="Writing multipart request body to /tmp/zipdeploy/02866b4b-b4db-4745-ac2c-5e4fde65064b.zip" date="2025-07-29T12:41:21.748" /><!-- duration: 2ms -->
    </step><!-- duration: 166ms -->
    <step title="Attempting to fetch target branch HEAD" date="2025-07-29T12:41:21.917" /><!-- duration: 2ms -->
    <step title="Acquiring Deployment Lock" date="2025-07-29T12:41:21.922" /><!-- duration: 4ms -->
    <step title="Acquired Deployment Lock" date="2025-07-29T12:41:22.020" /><!-- duration: 6ms -->
    <step title="Performing fetch based deployment" date="2025-07-29T12:41:22.034" >
      <step title="Creating temporary deployment" date="2025-07-29T12:41:22.037" /><!-- duration: 110ms -->
      <step title="Releasing Deployment Lock" date="2025-07-29T12:41:23.285" /><!-- duration: 8ms -->
      <step title="Cleaning up temp folders from previous zip deployments and extracting pushed zip file /tmp/zipdeploy/02866b4b-b4db-4745-ac2c-5e4fde65064b.zip (0.14 MB) to /tmp/zipdeploy/extracted" date="2025-07-29T12:41:23.312" >
        <step title="ChmodRecursive Process exited with total time taken in ms: 16" date="2025-07-29T12:41:23.347" /><!-- duration: 4ms -->
      </step><!-- duration: 41ms -->
      <step title="None repository commit" date="2025-07-29T12:41:23.364" >
        <step title="Commit id: fdd25230-2b33-4ebf-a97d-f35d711ab96e" date="2025-07-29T12:41:23.367" Message="OneDeploy" AuthorName="N/A" AuthorEmail="N/A" /><!-- duration: 5ms -->
      </step><!-- duration: 11ms -->
      <step title="Deployment timer started" date="2025-07-29T12:41:25.379" >
        <step title="DeploymentManager.Deploy(id:fdd25230-2b33-4ebf-a97d-f35d711ab96e)" date="2025-07-29T12:41:25.392" >
          <step title="Collecting changeset information" date="2025-07-29T12:41:25.413" /><!-- duration: 103ms -->
          <step title="Updating submodules" date="2025-07-29T12:41:25.524" /><!-- duration: 1183ms -->
          <step title="Determining deployment builder" date="2025-07-29T12:41:27.068" >
            <step title="Builder is OneDeployBuilder" date="2025-07-29T12:41:27.090" /><!-- duration: 4ms -->
          </step><!-- duration: 30ms -->
          <step title="PreDeployment: context.CleanOutputPath False" date="2025-07-29T12:41:27.168" >
            <step title="PreDeployment: context.OutputPath /home/site/wwwroot" date="2025-07-29T12:41:27.305" >
              <step title="Building" date="2025-07-29T12:41:27.496" >
                <step title="Executing external process" date="2025-07-29T12:41:28.145" type="process" path="starter.sh" arguments="/opt/Kudu/Scripts/parallel_rsync.sh /tmp/zipdeploy/extracted /home/site/wwwroot 8 /tmp/ False False  " /><!-- duration: 2070ms -->
                <step title="Modified file to trigger a restart of the app container." date="2025-07-29T12:41:30.420" /><!-- duration: 4ms -->
                <step title="Skip function trigger and logicapp sync because function is not enabled." date="2025-07-29T12:41:30.428" /><!-- duration: 6ms -->
                <step title="Purge deployment items" date="2025-07-29T12:41:31.590" >
                  <step title="Remove temp-0e2e, Failed, received at 07/29/2025 12:41:22" date="2025-07-29T12:41:31.710" /><!-- duration: 4ms -->
                  <step title="Remove 91f2a7d6-, Success, received at 07/29/2025 06:33:43" date="2025-07-29T12:41:31.931" /><!-- duration: 4ms -->
                </step><!-- duration: 348ms -->
              </step><!-- duration: 4502ms -->
            </step><!-- duration: 4695ms -->
            <step title="Cleaning up temp files" date="2025-07-29T12:41:32.003" /><!-- duration: 3ms -->
            <step title="Cleaning up temp files" date="2025-07-29T12:41:32.012" /><!-- duration: 504ms -->
            <step title="Reloading status file with latest updates" date="2025-07-29T12:41:32.555" >
              <step title="WebHooksManager.PublishEventAsync: PostDeployment" date="2025-07-29T12:41:32.561" /><!-- duration: 37ms -->
            </step><!-- duration: 48ms -->
            <step title="Cleaning up temporary deployment - fetch deployment was successful" date="2025-07-29T12:41:32.608" /><!-- duration: 5ms -->
          </step><!-- duration: 5535ms -->
        </step><!-- duration: 7318ms -->
        <step title="Outgoing response" date="2025-07-29T12:41:32.716" type="response" statusCode="200" statusText="OK" /><!-- duration: 3ms -->
      </step><!-- duration: 7344ms -->
