<step title="Incoming Request" date="2025-07-29T06:33:29.684" instance="4e34fd" url="/api/publish?type=zip" method="POST" type="request" pid="768,1,7" Accept="*/*" Host="tenant-optimizer-web.scm.azurewebsites.net" User-Agent="AZURECLI/2.75.0 (DEB)" Accept-Encoding="gzip, deflate" Authorization="Bas..." Cache-Control="no-cache" Content-Type="application/octet-stream" Cookie="ARRAffinity=4e34fd1dcf287fe6e10b93d54f0687cf933ff0e6150f35901216ccdf393ab071; ARRAffinitySameSite=4e34fd1dcf287fe6e10b93d54f0687cf933ff0e6150f35901216ccdf393ab071" Content-Length="134730" x-ms-client-request-id="ecf55a88-6c45-11f0-ab6d-7ced8d57238b" x-ms-artifact-checksum="b2b428cfe8203106442580af8582baba753b3a42b43d5d265db31397ac7c3000" X-ARR-LOG-ID="ecf55a88-6c45-11f0-ab6d-7ced8d57238b" CLIENT-IP="64.236.142.146:29569" X-SITE-DEPLOYMENT-ID="tenant-optimizer-web" WAS-DEFAULT-HOSTNAME="tenant-optimizer-web.scm.azurewebsites.net" X-Forwarded-Proto="https" X-AppService-Proto="https" X-Forwarded-TlsVersion="1.3" X-WAWS-Unencoded-URL="/api/publish?type=zip" X-Client-IP="64.236.142.146" X-Client-Port="29569" >
  <step title="OneDeploy" date="2025-07-29T06:33:29.820" >
    <step title="None repository commit" date="2025-07-29T06:33:29.870" >
      <step title="Commit id: 7a7607ad-fd08-4836-aac7-df0e6da4c97f" date="2025-07-29T06:33:29.873" Message="N/A" AuthorName="N/A" AuthorEmail="N/A" /><!-- duration: 3ms -->
    </step><!-- duration: 7ms -->
    <step title="Starting PushDeployAsync" date="2025-07-29T06:33:29.887" /><!-- duration: 3ms -->
    <step title="Writing artifact to /tmp/zipdeploy/ed717d88-1685-41a4-a462-7293f5b77c0b.zip" date="2025-07-29T06:33:29.920" >
      <step title="Writing multipart request body to /tmp/zipdeploy/ed717d88-1685-41a4-a462-7293f5b77c0b.zip" date="2025-07-29T06:33:29.924" /><!-- duration: 2ms -->
    </step><!-- duration: 68ms -->
    <step title="Attempting to fetch target branch HEAD" date="2025-07-29T06:33:29.994" /><!-- duration: 2ms -->
    <step title="Acquiring Deployment Lock" date="2025-07-29T06:33:29.998" /><!-- duration: 1ms -->
    <step title="Acquired Deployment Lock" date="2025-07-29T06:33:30.055" /><!-- duration: 3ms -->
    <step title="Performing fetch based deployment" date="2025-07-29T06:33:30.063" >
      <step title="Creating temporary deployment" date="2025-07-29T06:33:30.065" /><!-- duration: 59ms -->
      <step title="Releasing Deployment Lock" date="2025-07-29T06:33:31.290" /><!-- duration: 8ms -->
      <step title="Cleaning up temp folders from previous zip deployments and extracting pushed zip file /tmp/zipdeploy/ed717d88-1685-41a4-a462-7293f5b77c0b.zip (0.13 MB) to /tmp/zipdeploy/extracted" date="2025-07-29T06:33:31.321" >
        <step title="ChmodRecursive Process exited with total time taken in ms: 34" date="2025-07-29T06:33:31.381" /><!-- duration: 8ms -->
      </step><!-- duration: 71ms -->
      <step title="None repository commit" date="2025-07-29T06:33:31.395" >
        <step title="Commit id: 7a7607ad-fd08-4836-aac7-df0e6da4c97f" date="2025-07-29T06:33:31.397" Message="OneDeploy" AuthorName="N/A" AuthorEmail="N/A" /><!-- duration: 2ms -->
      </step><!-- duration: 7ms -->
      <step title="Deployment timer started" date="2025-07-29T06:33:33.429" >
        <step title="DeploymentManager.Deploy(id:7a7607ad-fd08-4836-aac7-df0e6da4c97f)" date="2025-07-29T06:33:33.457" >
          <step title="Collecting changeset information" date="2025-07-29T06:33:33.473" /><!-- duration: 105ms -->
          <step title="Updating submodules" date="2025-07-29T06:33:33.605" /><!-- duration: 1162ms -->
          <step title="Determining deployment builder" date="2025-07-29T06:33:35.053" >
            <step title="Builder is OneDeployBuilder" date="2025-07-29T06:33:35.079" /><!-- duration: 6ms -->
          </step><!-- duration: 41ms -->
          <step title="PreDeployment: context.CleanOutputPath False" date="2025-07-29T06:33:35.296" >
            <step title="PreDeployment: context.OutputPath /home/site/wwwroot" date="2025-07-29T06:33:35.491" >
              <step title="Building" date="2025-07-29T06:33:35.685" >
                <step title="Executing external process" date="2025-07-29T06:33:36.095" type="process" path="starter.sh" arguments="/opt/Kudu/Scripts/parallel_rsync.sh /tmp/zipdeploy/extracted /home/site/wwwroot 8 /tmp/ False False  " /><!-- duration: 1651ms -->
                <step title="Modified file to trigger a restart of the app container." date="2025-07-29T06:33:38.182" /><!-- duration: 3ms -->
                <step title="Skip function trigger and logicapp sync because function is not enabled." date="2025-07-29T06:33:38.188" /><!-- duration: 6ms -->
                <step title="Purge deployment items" date="2025-07-29T06:33:39.010" >
                  <step title="Remove temp-68db, Failed, received at 07/29/2025 06:33:30" date="2025-07-29T06:33:39.054" /><!-- duration: 2ms -->
                  <step title="Remove 7862354e-, Success, received at 07/28/2025 04:52:57" date="2025-07-29T06:33:39.101" /><!-- duration: 3ms -->
                </step><!-- duration: 95ms -->
              </step><!-- duration: 3472ms -->
            </step><!-- duration: 3668ms -->
            <step title="Cleaning up temp files" date="2025-07-29T06:33:39.160" /><!-- duration: 2ms -->
            <step title="Cleaning up temp files" date="2025-07-29T06:33:39.168" /><!-- duration: 503ms -->
            <step title="Reloading status file with latest updates" date="2025-07-29T06:33:39.968" >
              <step title="WebHooksManager.PublishEventAsync: PostDeployment" date="2025-07-29T06:33:39.972" /><!-- duration: 73ms -->
            </step><!-- duration: 80ms -->
            <step title="Cleaning up temporary deployment - fetch deployment was successful" date="2025-07-29T06:33:40.052" /><!-- duration: 2ms -->
          </step><!-- duration: 4831ms -->
        </step><!-- duration: 6676ms -->
        <step title="Outgoing response" date="2025-07-29T06:33:40.137" type="response" statusCode="200" statusText="OK" /><!-- duration: 2ms -->
      </step><!-- duration: 6712ms -->
