<step title="Incoming Request" date="2025-07-29T10:07:27.089" instance="4e34fd" url="/api/publish?type=zip" method="POST" type="request" pid="768,1,7" Accept="*/*" Host="tenant-optimizer-web.scm.azurewebsites.net" User-Agent="AZURECLI/2.75.0 (DEB)" Accept-Encoding="gzip, deflate" Authorization="Bas..." Cache-Control="no-cache" Content-Type="application/octet-stream" Cookie="ARRAffinity=4e34fd1dcf287fe6e10b93d54f0687cf933ff0e6150f35901216ccdf393ab071; ARRAffinitySameSite=4e34fd1dcf287fe6e10b93d54f0687cf933ff0e6150f35901216ccdf393ab071" Content-Length="138037" x-ms-client-request-id="cb7b0ed4-6c63-11f0-ab6d-7ced8d3d04f7" x-ms-artifact-checksum="681a81468934cf63a17c65b88f35cf3f57d33b642fc3dc3fbf33c6540fc7a344" X-ARR-LOG-ID="cb7b0ed4-6c63-11f0-ab6d-7ced8d3d04f7" CLIENT-IP="68.220.62.145:30729" X-SITE-DEPLOYMENT-ID="tenant-optimizer-web" WAS-DEFAULT-HOSTNAME="tenant-optimizer-web.scm.azurewebsites.net" X-Forwarded-Proto="https" X-AppService-Proto="https" X-Forwarded-TlsVersion="1.3" X-WAWS-Unencoded-URL="/api/publish?type=zip" X-Client-IP="68.220.62.145" X-Client-Port="30729" >
  <step title="OneDeploy" date="2025-07-29T10:07:27.124" >
    <step title="None repository commit" date="2025-07-29T10:07:27.133" >
      <step title="Commit id: 90410404-248c-42d9-abf0-9604687d7c26" date="2025-07-29T10:07:27.135" Message="N/A" AuthorName="N/A" AuthorEmail="N/A" /><!-- duration: 18ms -->
    </step><!-- duration: 23ms -->
    <step title="Starting PushDeployAsync" date="2025-07-29T10:07:27.160" /><!-- duration: 3ms -->
    <step title="Writing artifact to /tmp/zipdeploy/f5a03f0b-1893-470d-930c-675c070619cc.zip" date="2025-07-29T10:07:27.209" >
      <step title="Writing multipart request body to /tmp/zipdeploy/f5a03f0b-1893-470d-930c-675c070619cc.zip" date="2025-07-29T10:07:27.220" /><!-- duration: 6ms -->
    </step><!-- duration: 229ms -->
    <step title="Attempting to fetch target branch HEAD" date="2025-07-29T10:07:27.457" /><!-- duration: 4ms -->
    <step title="Acquiring Deployment Lock" date="2025-07-29T10:07:27.464" /><!-- duration: 5ms -->
    <step title="Acquired Deployment Lock" date="2025-07-29T10:07:27.513" /><!-- duration: 4ms -->
    <step title="Performing fetch based deployment" date="2025-07-29T10:07:27.529" >
      <step title="Creating temporary deployment" date="2025-07-29T10:07:27.532" /><!-- duration: 87ms -->
      <step title="Releasing Deployment Lock - There is NO LOCK HELD | ERROR" date="2025-07-29T10:07:28.817" /><!-- duration: 8ms -->
      <step title="Cleaning up temp folders from previous zip deployments and extracting pushed zip file /tmp/zipdeploy/f5a03f0b-1893-470d-930c-675c070619cc.zip (0.13 MB) to /tmp/zipdeploy/extracted" date="2025-07-29T10:07:28.858" >
        <step title="ChmodRecursive Process exited with total time taken in ms: 20" date="2025-07-29T10:07:28.906" /><!-- duration: 15ms -->
      </step><!-- duration: 67ms -->
      <step title="None repository commit" date="2025-07-29T10:07:28.938" >
        <step title="Commit id: 90410404-248c-42d9-abf0-9604687d7c26" date="2025-07-29T10:07:28.940" Message="OneDeploy" AuthorName="N/A" AuthorEmail="N/A" /><!-- duration: 4ms -->
      </step><!-- duration: 12ms -->
      <step title="Deployment timer started" date="2025-07-29T10:07:30.958" >
        <step title="DeploymentManager.Deploy(id:90410404-248c-42d9-abf0-9604687d7c26)" date="2025-07-29T10:07:30.969" >
          <step title="Collecting changeset information" date="2025-07-29T10:07:30.987" /><!-- duration: 167ms -->
          <step title="Updating submodules" date="2025-07-29T10:07:31.164" /><!-- duration: 1128ms -->
          <step title="Determining deployment builder" date="2025-07-29T10:07:32.680" >
            <step title="Builder is OneDeployBuilder" date="2025-07-29T10:07:32.700" /><!-- duration: 2ms -->
          </step><!-- duration: 31ms -->
          <step title="PreDeployment: context.CleanOutputPath False" date="2025-07-29T10:07:32.797" >
            <step title="PreDeployment: context.OutputPath /home/site/wwwroot" date="2025-07-29T10:07:33.180" >
              <step title="Building" date="2025-07-29T10:07:33.401" >
                <step title="Executing external process" date="2025-07-29T10:07:33.910" type="process" path="starter.sh" arguments="/opt/Kudu/Scripts/parallel_rsync.sh /tmp/zipdeploy/extracted /home/site/wwwroot 8 /tmp/ False False  " /><!-- duration: 2799ms -->
                <step title="Modified file to trigger a restart of the app container." date="2025-07-29T10:07:37.142" /><!-- duration: 2ms -->
                <step title="Skip function trigger and logicapp sync because function is not enabled." date="2025-07-29T10:07:37.153" /><!-- duration: 2ms -->
                <step title="Purge deployment items" date="2025-07-29T10:07:38.102" >
                  <step title="Remove 164d2bf9-, Success, received at 07/28/2025 19:10:47" date="2025-07-29T10:07:38.221" /><!-- duration: 2ms -->
                </step><!-- duration: 123ms -->
              </step><!-- duration: 4880ms -->
            </step><!-- duration: 5103ms -->
            <step title="Cleaning up temp files" date="2025-07-29T10:07:38.285" /><!-- duration: 8ms -->
            <step title="Cleaning up temp files" date="2025-07-29T10:07:38.295" /><!-- duration: 507ms -->
            <step title="Reloading status file with latest updates" date="2025-07-29T10:07:38.836" >
              <step title="WebHooksManager.PublishEventAsync: PostDeployment" date="2025-07-29T10:07:38.839" /><!-- duration: 59ms -->
            </step><!-- duration: 64ms -->
            <step title="Cleaning up temporary deployment - fetch deployment was successful" date="2025-07-29T10:07:38.904" /><!-- duration: 2ms -->
          </step><!-- duration: 6187ms -->
        </step><!-- duration: 8026ms -->
        <step title="Outgoing response" date="2025-07-29T10:07:39.011" type="response" statusCode="200" statusText="OK" /><!-- duration: 3ms -->
      </step><!-- duration: 8060ms -->
