<step title="Incoming Request" date="2025-07-27T11:09:52.476" instance="4e34fd" url="/api/publish?type=zip" method="POST" type="request" pid="768,1,5" Accept="*/*" Host="tenant-optimizer-web.scm.azurewebsites.net" User-Agent="AZURECLI/2.75.0 (DEB)" Accept-Encoding="gzip, deflate" Authorization="Bas..." Cache-Control="no-cache" Content-Type="application/octet-stream" Cookie="ARRAffinity=4e34fd1dcf287fe6e10b93d54f0687cf933ff0e6150f35901216ccdf393ab071; ARRAffinitySameSite=4e34fd1dcf287fe6e10b93d54f0687cf933ff0e6150f35901216ccdf393ab071" Content-Length="122505" x-ms-client-request-id="306f60aa-6ada-11f0-ab6d-6045bdda03cb" x-ms-artifact-checksum="5eac1ca1a58946cf08c450ed6409212e274865c4813d788211dffb26a59f3499" X-ARR-LOG-ID="306f60aa-6ada-11f0-ab6d-6045bdda03cb" CLIENT-IP="57.154.243.177:49161" X-SITE-DEPLOYMENT-ID="tenant-optimizer-web" WAS-DEFAULT-HOSTNAME="tenant-optimizer-web.scm.azurewebsites.net" X-Forwarded-Proto="https" X-AppService-Proto="https" X-Forwarded-TlsVersion="1.3" X-WAWS-Unencoded-URL="/api/publish?type=zip" X-Client-IP="57.154.243.177" X-Client-Port="49161" >
  <step title="OneDeploy" date="2025-07-27T11:09:52.508" >
    <step title="None repository commit" date="2025-07-27T11:09:52.516" >
      <step title="Commit id: b66b3389-b89f-4ff8-813b-e6077480eb4e" date="2025-07-27T11:09:52.518" Message="N/A" AuthorName="N/A" AuthorEmail="N/A" /><!-- duration: 2ms -->
    </step><!-- duration: 7ms -->
    <step title="Starting PushDeployAsync" date="2025-07-27T11:09:52.525" /><!-- duration: 2ms -->
    <step title="Writing artifact to /tmp/zipdeploy/9963bfeb-4787-4158-ba89-792ef8a82862.zip" date="2025-07-27T11:09:52.540" >
      <step title="Writing multipart request body to /tmp/zipdeploy/9963bfeb-4787-4158-ba89-792ef8a82862.zip" date="2025-07-27T11:09:52.542" /><!-- duration: 5ms -->
    </step><!-- duration: 85ms -->
    <step title="Attempting to fetch target branch HEAD" date="2025-07-27T11:09:52.635" /><!-- duration: 2ms -->
    <step title="Acquiring Deployment Lock" date="2025-07-27T11:09:52.641" /><!-- duration: 3ms -->
    <step title="Acquired Deployment Lock" date="2025-07-27T11:09:52.706" /><!-- duration: 4ms -->
    <step title="Performing fetch based deployment" date="2025-07-27T11:09:52.725" >
      <step title="Creating temporary deployment" date="2025-07-27T11:09:52.729" /><!-- duration: 92ms -->
      <step title="Releasing Deployment Lock" date="2025-07-27T11:09:53.960" /><!-- duration: 6ms -->
      <step title="Cleaning up temp folders from previous zip deployments and extracting pushed zip file /tmp/zipdeploy/9963bfeb-4787-4158-ba89-792ef8a82862.zip (0.12 MB) to /tmp/zipdeploy/extracted" date="2025-07-27T11:09:53.983" >
        <step title="ChmodRecursive Process exited with total time taken in ms: 19" date="2025-07-27T11:09:54.017" /><!-- duration: 9ms -->
      </step><!-- duration: 48ms -->
      <step title="None repository commit" date="2025-07-27T11:09:54.037" >
        <step title="Commit id: b66b3389-b89f-4ff8-813b-e6077480eb4e" date="2025-07-27T11:09:54.040" Message="OneDeploy" AuthorName="N/A" AuthorEmail="N/A" /><!-- duration: 3ms -->
      </step><!-- duration: 9ms -->
      <step title="Deployment timer started" date="2025-07-27T11:09:56.051" >
        <step title="DeploymentManager.Deploy(id:b66b3389-b89f-4ff8-813b-e6077480eb4e)" date="2025-07-27T11:09:56.059" >
          <step title="Collecting changeset information" date="2025-07-27T11:09:56.072" /><!-- duration: 82ms -->
          <step title="Updating submodules" date="2025-07-27T11:09:56.160" /><!-- duration: 1152ms -->
          <step title="Determining deployment builder" date="2025-07-27T11:09:57.539" >
            <step title="Builder is OneDeployBuilder" date="2025-07-27T11:09:57.550" /><!-- duration: 2ms -->
          </step><!-- duration: 21ms -->
          <step title="PreDeployment: context.CleanOutputPath False" date="2025-07-27T11:09:57.595" >
            <step title="PreDeployment: context.OutputPath /home/site/wwwroot" date="2025-07-27T11:09:57.702" >
              <step title="Building" date="2025-07-27T11:09:57.815" >
                <step title="Executing external process" date="2025-07-27T11:09:58.260" type="process" path="starter.sh" arguments="/opt/Kudu/Scripts/parallel_rsync.sh /tmp/zipdeploy/extracted /home/site/wwwroot 8 /tmp/ False False  " /><!-- duration: 1719ms -->
                <step title="Modified file to trigger a restart of the app container." date="2025-07-27T11:10:00.323" /><!-- duration: 5ms -->
                <step title="Skip function trigger and logicapp sync because function is not enabled." date="2025-07-27T11:10:00.333" /><!-- duration: 6ms -->
                <step title="Purge deployment items" date="2025-07-27T11:10:01.257" >
                  <step title="Remove 4cf21f79-, Success, received at 07/26/2025 08:16:33" date="2025-07-27T11:10:01.296" /><!-- duration: 3ms -->
                </step><!-- duration: 45ms -->
              </step><!-- duration: 3573ms -->
            </step><!-- duration: 3690ms -->
            <step title="Cleaning up temp files" date="2025-07-27T11:10:01.396" /><!-- duration: 4ms -->
            <step title="Cleaning up temp files" date="2025-07-27T11:10:01.458" /><!-- duration: 510ms -->
            <step title="Reloading status file with latest updates" date="2025-07-27T11:10:01.987" >
              <step title="WebHooksManager.PublishEventAsync: PostDeployment" date="2025-07-27T11:10:01.994" /><!-- duration: 39ms -->
            </step><!-- duration: 48ms -->
            <step title="Cleaning up temporary deployment - fetch deployment was successful" date="2025-07-27T11:10:02.040" /><!-- duration: 3ms -->
          </step><!-- duration: 4526ms -->
        </step><!-- duration: 6068ms -->
        <step title="Outgoing response" date="2025-07-27T11:10:02.133" type="response" statusCode="200" statusText="OK" /><!-- duration: 2ms -->
      </step><!-- duration: 6087ms -->
