<step title="Incoming Request" date="2025-07-24T22:10:40.691" instance="4e34fd" url="/api/publish?type=zip" method="POST" type="request" pid="767,1,24" Accept="*/*" Host="tenant-optimizer-web.scm.azurewebsites.net" User-Agent="AZURECLI/2.75.0 (DEB)" Accept-Encoding="gzip, deflate" Authorization="Bas..." Cache-Control="no-cache" Content-Type="application/octet-stream" Cookie="ARRAffinity=4e34fd1dcf287fe6e10b93d54f0687cf933ff0e6150f35901216ccdf393ab071; ARRAffinitySameSite=4e34fd1dcf287fe6e10b93d54f0687cf933ff0e6150f35901216ccdf393ab071" Content-Length="5393" x-ms-client-request-id="0361259a-68db-11f0-ab6d-6045bdb51f6a" x-ms-artifact-checksum="cce17b5a7ffc5c2ad0bb436500aee6474d35ed7639f95e18f22b75cb5b772cc2" X-ARR-LOG-ID="0361259a-68db-11f0-ab6d-6045bdb51f6a" CLIENT-IP="74.249.78.32:39937" X-SITE-DEPLOYMENT-ID="tenant-optimizer-web" WAS-DEFAULT-HOSTNAME="tenant-optimizer-web.scm.azurewebsites.net" X-Forwarded-Proto="https" X-AppService-Proto="https" X-Forwarded-TlsVersion="1.3" X-WAWS-Unencoded-URL="/api/publish?type=zip" X-Client-IP="74.249.78.32" X-Client-Port="39937" >
  <step title="OneDeploy" date="2025-07-24T22:10:40.705" >
    <step title="Starting PushDeployAsync" date="2025-07-24T22:10:40.712" /><!-- duration: 2ms -->
    <step title="Writing artifact to /tmp/zipdeploy/88ba01a8-7df8-406b-b71c-f9ef593a2b13.zip" date="2025-07-24T22:10:40.722" >
      <step title="Writing multipart request body to /tmp/zipdeploy/88ba01a8-7df8-406b-b71c-f9ef593a2b13.zip" date="2025-07-24T22:10:40.725" /><!-- duration: 5ms -->
    </step><!-- duration: 18ms -->
    <step title="Attempting to fetch target branch HEAD" date="2025-07-24T22:10:40.754" /><!-- duration: 3ms -->
    <step title="Acquiring Deployment Lock" date="2025-07-24T22:10:40.762" /><!-- duration: 5ms -->
    <step title="Acquired Deployment Lock" date="2025-07-24T22:10:40.804" /><!-- duration: 5ms -->
    <step title="Performing fetch based deployment" date="2025-07-24T22:10:40.823" >
      <step title="Creating temporary deployment" date="2025-07-24T22:10:40.829" /><!-- duration: 73ms -->
      <step title="Releasing Deployment Lock" date="2025-07-24T22:10:42.000" /><!-- duration: 6ms -->
      <step title="Cleaning up temp folders from previous zip deployments and extracting pushed zip file /tmp/zipdeploy/88ba01a8-7df8-406b-b71c-f9ef593a2b13.zip (0.01 MB) to /tmp/zipdeploy/extracted" date="2025-07-24T22:10:42.023" >
        <step title="ChmodRecursive Process exited with total time taken in ms: 26" date="2025-07-24T22:10:42.057" /><!-- duration: 3ms -->
      </step><!-- duration: 40ms -->
      <step title="None repository commit" date="2025-07-24T22:10:42.069" >
        <step title="Commit id: 7fa521e0-feea-431b-abea-3a172002ccad" date="2025-07-24T22:10:42.071" Message="OneDeploy" AuthorName="N/A" AuthorEmail="N/A" /><!-- duration: 2ms -->
      </step><!-- duration: 6ms -->
      <step title="Deployment timer started" date="2025-07-24T22:10:44.078" >
        <step title="DeploymentManager.Deploy(id:7fa521e0-feea-431b-abea-3a172002ccad)" date="2025-07-24T22:10:44.084" >
          <step title="Collecting changeset information" date="2025-07-24T22:10:44.109" /><!-- duration: 77ms -->
          <step title="Updating submodules" date="2025-07-24T22:10:44.191" /><!-- duration: 1107ms -->
          <step title="Determining deployment builder" date="2025-07-24T22:10:45.479" >
            <step title="Builder is OneDeployBuilder" date="2025-07-24T22:10:45.490" /><!-- duration: 2ms -->
          </step><!-- duration: 15ms -->
          <step title="PreDeployment: context.CleanOutputPath False" date="2025-07-24T22:10:45.576" >
            <step title="PreDeployment: context.OutputPath /home/site/wwwroot" date="2025-07-24T22:10:45.677" >
              <step title="Building" date="2025-07-24T22:10:45.794" >
                <step title="Executing external process" date="2025-07-24T22:10:46.162" type="process" path="starter.sh" arguments="/opt/Kudu/Scripts/parallel_rsync.sh /tmp/zipdeploy/extracted /home/site/wwwroot 8 /tmp/ False False  " /><!-- duration: 1073ms -->
                <step title="Modified file to trigger a restart of the app container." date="2025-07-24T22:10:47.565" /><!-- duration: 3ms -->
                <step title="Skip function trigger and logicapp sync because function is not enabled." date="2025-07-24T22:10:47.572" /><!-- duration: 1ms -->
              </step><!-- duration: 2376ms -->
            </step><!-- duration: 2494ms -->
            <step title="Cleaning up temp files" date="2025-07-24T22:10:48.173" /><!-- duration: 2ms -->
            <step title="Cleaning up temp files" date="2025-07-24T22:10:48.181" /><!-- duration: 504ms -->
            <step title="Reloading status file with latest updates" date="2025-07-24T22:10:48.716" >
              <step title="WebHooksManager.PublishEventAsync: PostDeployment" date="2025-07-24T22:10:48.718" /><!-- duration: 24ms -->
            </step><!-- duration: 29ms -->
            <step title="Cleaning up temporary deployment - fetch deployment was successful" date="2025-07-24T22:10:48.750" /><!-- duration: 3ms -->
          </step><!-- duration: 3243ms -->
        </step><!-- duration: 4738ms -->
        <step title="Outgoing response" date="2025-07-24T22:10:48.825" type="response" statusCode="200" statusText="OK" /><!-- duration: 2ms -->
      </step><!-- duration: 4751ms -->
