<step title="Incoming Request" date="2025-07-28T04:52:54.163" instance="4e34fd" url="/api/publish?type=zip" method="POST" type="request" pid="768,1,5" Accept="*/*" Host="tenant-optimizer-web.scm.azurewebsites.net" User-Agent="AZURECLI/2.75.0 (DEB)" Accept-Encoding="gzip, deflate" Authorization="Bas..." Cache-Control="no-cache" Content-Type="application/octet-stream" Cookie="ARRAffinity=4e34fd1dcf287fe6e10b93d54f0687cf933ff0e6150f35901216ccdf393ab071; ARRAffinitySameSite=4e34fd1dcf287fe6e10b93d54f0687cf933ff0e6150f35901216ccdf393ab071" Content-Length="122910" x-ms-client-request-id="b34c4738-6b6e-11f0-ab6d-7c1e52012918" x-ms-artifact-checksum="7e098980256586c7f4f4bb631949b814cdf49143c976343ce0faf403c2fafd50" X-ARR-LOG-ID="b34c4738-6b6e-11f0-ab6d-7c1e52012918" CLIENT-IP="51.8.121.162:60418" X-SITE-DEPLOYMENT-ID="tenant-optimizer-web" WAS-DEFAULT-HOSTNAME="tenant-optimizer-web.scm.azurewebsites.net" X-Forwarded-Proto="https" X-AppService-Proto="https" X-Forwarded-TlsVersion="1.3" X-WAWS-Unencoded-URL="/api/publish?type=zip" X-Client-IP="51.8.121.162" X-Client-Port="60418" >
  <step title="OneDeploy" date="2025-07-28T04:52:54.200" >
    <step title="None repository commit" date="2025-07-28T04:52:54.207" >
      <step title="Commit id: 7862354e-4de8-4024-9c87-c148c9ba94a7" date="2025-07-28T04:52:54.209" Message="N/A" AuthorName="N/A" AuthorEmail="N/A" /><!-- duration: 2ms -->
    </step><!-- duration: 5ms -->
    <step title="Starting PushDeployAsync" date="2025-07-28T04:52:54.214" /><!-- duration: 2ms -->
    <step title="Writing artifact to /tmp/zipdeploy/38e73a6e-1b8d-42f9-9927-e2336dfc08f4.zip" date="2025-07-28T04:52:54.226" >
      <step title="Writing multipart request body to /tmp/zipdeploy/38e73a6e-1b8d-42f9-9927-e2336dfc08f4.zip" date="2025-07-28T04:52:54.228" /><!-- duration: 2ms -->
    </step><!-- duration: 133ms -->
    <step title="Attempting to fetch target branch HEAD" date="2025-07-28T04:52:54.368" /><!-- duration: 2ms -->
    <step title="Acquiring Deployment Lock" date="2025-07-28T04:52:54.372" /><!-- duration: 1ms -->
    <step title="Acquired Deployment Lock" date="2025-07-28T04:52:54.398" /><!-- duration: 6ms -->
    <step title="Performing fetch based deployment" date="2025-07-28T04:52:54.409" >
      <step title="Creating temporary deployment" date="2025-07-28T04:52:54.411" /><!-- duration: 47ms -->
      <step title="Releasing Deployment Lock" date="2025-07-28T04:52:55.586" /><!-- duration: 9ms -->
      <step title="Cleaning up temp folders from previous zip deployments and extracting pushed zip file /tmp/zipdeploy/38e73a6e-1b8d-42f9-9927-e2336dfc08f4.zip (0.12 MB) to /tmp/zipdeploy/extracted" date="2025-07-28T04:52:55.620" >
        <step title="ChmodRecursive Process exited with total time taken in ms: 44" date="2025-07-28T04:52:55.727" /><!-- duration: 3ms -->
      </step><!-- duration: 112ms -->
      <step title="None repository commit" date="2025-07-28T04:52:55.741" >
        <step title="Commit id: 7862354e-4de8-4024-9c87-c148c9ba94a7" date="2025-07-28T04:52:55.744" Message="OneDeploy" AuthorName="N/A" AuthorEmail="N/A" /><!-- duration: 7ms -->
      </step><!-- duration: 12ms -->
      <step title="Deployment timer started" date="2025-07-28T04:52:57.758" >
        <step title="DeploymentManager.Deploy(id:7862354e-4de8-4024-9c87-c148c9ba94a7)" date="2025-07-28T04:52:57.766" >
          <step title="Collecting changeset information" date="2025-07-28T04:52:57.778" /><!-- duration: 97ms -->
          <step title="Updating submodules" date="2025-07-28T04:52:57.888" /><!-- duration: 1171ms -->
          <step title="Determining deployment builder" date="2025-07-28T04:52:59.354" >
            <step title="Builder is OneDeployBuilder" date="2025-07-28T04:52:59.366" /><!-- duration: 2ms -->
          </step><!-- duration: 18ms -->
          <step title="PreDeployment: context.CleanOutputPath False" date="2025-07-28T04:52:59.422" >
            <step title="PreDeployment: context.OutputPath /home/site/wwwroot" date="2025-07-28T04:52:59.580" >
              <step title="Building" date="2025-07-28T04:52:59.703" >
                <step title="Executing external process" date="2025-07-28T04:53:00.196" type="process" path="starter.sh" arguments="/opt/Kudu/Scripts/parallel_rsync.sh /tmp/zipdeploy/extracted /home/site/wwwroot 8 /tmp/ False False  " /><!-- duration: 4018ms -->
                <step title="Modified file to trigger a restart of the app container." date="2025-07-28T04:53:04.684" /><!-- duration: 5ms -->
                <step title="Skip function trigger and logicapp sync because function is not enabled." date="2025-07-28T04:53:04.705" /><!-- duration: 55ms -->
                <step title="Purge deployment items" date="2025-07-28T04:53:05.911" >
                  <step title="Remove temp-1513, Failed, received at 07/28/2025 04:52:54" date="2025-07-28T04:53:05.988" /><!-- duration: 3ms -->
                  <step title="Remove 8773620b-, Success, received at 07/27/2025 10:08:44" date="2025-07-28T04:53:06.068" /><!-- duration: 3ms -->
                </step><!-- duration: 163ms -->
              </step><!-- duration: 6456ms -->
            </step><!-- duration: 6581ms -->
            <step title="Cleaning up temp files" date="2025-07-28T04:53:06.164" /><!-- duration: 8ms -->
            <step title="Cleaning up temp files" date="2025-07-28T04:53:06.176" /><!-- duration: 528ms -->
            <step title="Reloading status file with latest updates" date="2025-07-28T04:53:06.757" >
              <step title="WebHooksManager.PublishEventAsync: PostDeployment" date="2025-07-28T04:53:06.761" /><!-- duration: 42ms -->
            </step><!-- duration: 49ms -->
            <step title="Cleaning up temporary deployment - fetch deployment was successful" date="2025-07-28T04:53:06.810" /><!-- duration: 3ms -->
          </step><!-- duration: 7482ms -->
        </step><!-- duration: 9146ms -->
        <step title="Outgoing response" date="2025-07-28T04:53:06.958" type="response" statusCode="200" statusText="OK" /><!-- duration: 5ms -->
      </step><!-- duration: 9208ms -->
