<step title="Incoming Request" date="2025-07-28T18:25:15.036" instance="4e34fd" url="/api/publish?type=zip" method="POST" type="request" pid="768,1,5" Accept="*/*" Host="tenant-optimizer-web.scm.azurewebsites.net" User-Agent="AZURECLI/2.75.0 (DEB)" Accept-Encoding="gzip, deflate" Authorization="Bas..." Cache-Control="no-cache" Content-Type="application/octet-stream" Cookie="ARRAffinity=4e34fd1dcf287fe6e10b93d54f0687cf933ff0e6150f35901216ccdf393ab071; ARRAffinitySameSite=4e34fd1dcf287fe6e10b93d54f0687cf933ff0e6150f35901216ccdf393ab071" Content-Length="125880" x-ms-client-request-id="26193494-6be0-11f0-ab6d-7c1e524a798d" x-ms-artifact-checksum="a8ed44f3f36b8988b42a49d8579d797ad650a16493ad7807c9afdc60e1d4285b" X-ARR-LOG-ID="26193494-6be0-11f0-ab6d-7c1e524a798d" CLIENT-IP="172.214.45.193:47105" X-SITE-DEPLOYMENT-ID="tenant-optimizer-web" WAS-DEFAULT-HOSTNAME="tenant-optimizer-web.scm.azurewebsites.net" X-Forwarded-Proto="https" X-AppService-Proto="https" X-Forwarded-TlsVersion="1.3" X-WAWS-Unencoded-URL="/api/publish?type=zip" X-Client-IP="172.214.45.193" X-Client-Port="47105" >
  <step title="OneDeploy" date="2025-07-28T18:25:15.068" >
    <step title="None repository commit" date="2025-07-28T18:25:15.076" >
      <step title="Commit id: 47faaba7-eaa8-4442-bfd1-458e939ee468" date="2025-07-28T18:25:15.078" Message="N/A" AuthorName="N/A" AuthorEmail="N/A" /><!-- duration: 2ms -->
    </step><!-- duration: 6ms -->
    <step title="Starting PushDeployAsync" date="2025-07-28T18:25:15.084" /><!-- duration: 2ms -->
    <step title="Writing artifact to /tmp/zipdeploy/7bce38ba-c4cf-4c4e-b48a-b1080ae74f1f.zip" date="2025-07-28T18:25:15.099" >
      <step title="Writing multipart request body to /tmp/zipdeploy/7bce38ba-c4cf-4c4e-b48a-b1080ae74f1f.zip" date="2025-07-28T18:25:15.101" /><!-- duration: 5ms -->
    </step><!-- duration: 129ms -->
    <step title="Attempting to fetch target branch HEAD" date="2025-07-28T18:25:15.235" /><!-- duration: 2ms -->
    <step title="Acquiring Deployment Lock" date="2025-07-28T18:25:15.240" /><!-- duration: 3ms -->
    <step title="Acquired Deployment Lock" date="2025-07-28T18:25:15.272" /><!-- duration: 2ms -->
    <step title="Performing fetch based deployment" date="2025-07-28T18:25:15.280" >
      <step title="Creating temporary deployment" date="2025-07-28T18:25:15.282" /><!-- duration: 39ms -->
      <step title="Releasing Deployment Lock" date="2025-07-28T18:25:16.441" /><!-- duration: 5ms -->
      <step title="Cleaning up temp folders from previous zip deployments and extracting pushed zip file /tmp/zipdeploy/7bce38ba-c4cf-4c4e-b48a-b1080ae74f1f.zip (0.12 MB) to /tmp/zipdeploy/extracted" date="2025-07-28T18:25:16.463" >
        <step title="ChmodRecursive Process exited with total time taken in ms: 17" date="2025-07-28T18:25:16.494" /><!-- duration: 3ms -->
      </step><!-- duration: 36ms -->
      <step title="None repository commit" date="2025-07-28T18:25:16.504" >
        <step title="Commit id: 47faaba7-eaa8-4442-bfd1-458e939ee468" date="2025-07-28T18:25:16.506" Message="OneDeploy" AuthorName="N/A" AuthorEmail="N/A" /><!-- duration: 2ms -->
      </step><!-- duration: 7ms -->
      <step title="Deployment timer started" date="2025-07-28T18:25:18.515" >
        <step title="DeploymentManager.Deploy(id:47faaba7-eaa8-4442-bfd1-458e939ee468)" date="2025-07-28T18:25:18.521" >
          <step title="Collecting changeset information" date="2025-07-28T18:25:18.535" /><!-- duration: 68ms -->
          <step title="Updating submodules" date="2025-07-28T18:25:18.607" /><!-- duration: 1157ms -->
          <step title="Determining deployment builder" date="2025-07-28T18:25:19.931" >
            <step title="Builder is OneDeployBuilder" date="2025-07-28T18:25:19.944" /><!-- duration: 3ms -->
          </step><!-- duration: 19ms -->
          <step title="PreDeployment: context.CleanOutputPath False" date="2025-07-28T18:25:19.994" >
            <step title="PreDeployment: context.OutputPath /home/site/wwwroot" date="2025-07-28T18:25:20.083" >
              <step title="Building" date="2025-07-28T18:25:20.189" >
                <step title="Executing external process" date="2025-07-28T18:25:20.550" type="process" path="starter.sh" arguments="/opt/Kudu/Scripts/parallel_rsync.sh /tmp/zipdeploy/extracted /home/site/wwwroot 8 /tmp/ False False  " /><!-- duration: 1951ms -->
                <step title="Modified file to trigger a restart of the app container." date="2025-07-28T18:25:22.871" /><!-- duration: 3ms -->
                <step title="Skip function trigger and logicapp sync because function is not enabled." date="2025-07-28T18:25:22.882" /><!-- duration: 2ms -->
                <step title="Purge deployment items" date="2025-07-28T18:25:23.671" >
                  <step title="Remove 0a159699-, Success, received at 07/27/2025 12:40:39" date="2025-07-28T18:25:23.706" /><!-- duration: 3ms -->
                </step><!-- duration: 39ms -->
              </step><!-- duration: 3568ms -->
            </step><!-- duration: 3677ms -->
            <step title="Cleaning up temp files" date="2025-07-28T18:25:23.763" /><!-- duration: 3ms -->
            <step title="Cleaning up temp files" date="2025-07-28T18:25:23.770" /><!-- duration: 503ms -->
            <step title="Reloading status file with latest updates" date="2025-07-28T18:25:24.313" >
              <step title="WebHooksManager.PublishEventAsync: PostDeployment" date="2025-07-28T18:25:24.318" /><!-- duration: 33ms -->
            </step><!-- duration: 41ms -->
            <step title="Cleaning up temporary deployment - fetch deployment was successful" date="2025-07-28T18:25:24.358" /><!-- duration: 2ms -->
          </step><!-- duration: 4427ms -->
        </step><!-- duration: 5905ms -->
        <step title="Outgoing response" date="2025-07-28T18:25:24.432" type="response" statusCode="200" statusText="OK" /><!-- duration: 3ms -->
      </step><!-- duration: 5922ms -->
