<step title="Incoming Request" date="2025-07-27T10:08:39.773" instance="4e34fd" url="/api/publish?type=zip" method="POST" type="request" pid="768,1,7" Accept="*/*" Host="tenant-optimizer-web.scm.azurewebsites.net" User-Agent="AZURECLI/2.75.0 (DEB)" Accept-Encoding="gzip, deflate" Authorization="Bas..." Cache-Control="no-cache" Content-Type="application/octet-stream" Cookie="ARRAffinity=4e34fd1dcf287fe6e10b93d54f0687cf933ff0e6150f35901216ccdf393ab071; ARRAffinitySameSite=4e34fd1dcf287fe6e10b93d54f0687cf933ff0e6150f35901216ccdf393ab071" Content-Length="122408" x-ms-client-request-id="a6073b2a-6ad1-11f0-ab6d-7ced8d18c9f5" x-ms-artifact-checksum="e08c5b1f11b00f6c3efc753b220e7a15f11b87a8d50a01d0a809a274c6a7e65f" X-ARR-LOG-ID="a6073b2a-6ad1-11f0-ab6d-7ced8d18c9f5" CLIENT-IP="172.214.47.32:27649" X-SITE-DEPLOYMENT-ID="tenant-optimizer-web" WAS-DEFAULT-HOSTNAME="tenant-optimizer-web.scm.azurewebsites.net" X-Forwarded-Proto="https" X-AppService-Proto="https" X-Forwarded-TlsVersion="1.3" X-WAWS-Unencoded-URL="/api/publish?type=zip" X-Client-IP="172.214.47.32" X-Client-Port="27649" >
  <step title="OneDeploy" date="2025-07-27T10:08:39.959" >
    <step title="None repository commit" date="2025-07-27T10:08:39.990" >
      <step title="Commit id: 8773620b-a378-445f-b64f-5d7fd614257f" date="2025-07-27T10:08:39.997" Message="N/A" AuthorName="N/A" AuthorEmail="N/A" /><!-- duration: 7ms -->
    </step><!-- duration: 17ms -->
    <step title="Starting PushDeployAsync" date="2025-07-27T10:08:40.012" /><!-- duration: 4ms -->
    <step title="Writing artifact to /tmp/zipdeploy/f6559978-a053-4768-9f55-e32720855fed.zip" date="2025-07-27T10:08:40.063" >
      <step title="Writing multipart request body to /tmp/zipdeploy/f6559978-a053-4768-9f55-e32720855fed.zip" date="2025-07-27T10:08:40.069" /><!-- duration: 10ms -->
    </step><!-- duration: 54ms -->
    <step title="Attempting to fetch target branch HEAD" date="2025-07-27T10:08:40.169" /><!-- duration: 4ms -->
    <step title="Acquiring Deployment Lock" date="2025-07-27T10:08:40.186" /><!-- duration: 8ms -->
    <step title="Acquired Deployment Lock" date="2025-07-27T10:08:40.290" /><!-- duration: 6ms -->
    <step title="Performing fetch based deployment" date="2025-07-27T10:08:40.308" >
      <step title="Creating temporary deployment" date="2025-07-27T10:08:40.312" /><!-- duration: 153ms -->
      <step title="Releasing Deployment Lock" date="2025-07-27T10:08:41.821" /><!-- duration: 32ms -->
      <step title="Cleaning up temp folders from previous zip deployments and extracting pushed zip file /tmp/zipdeploy/f6559978-a053-4768-9f55-e32720855fed.zip (0.12 MB) to /tmp/zipdeploy/extracted" date="2025-07-27T10:08:41.921" >
        <step title="ChmodRecursive Process exited with total time taken in ms: 86" date="2025-07-27T10:08:42.174" /><!-- duration: 3ms -->
      </step><!-- duration: 279ms -->
      <step title="None repository commit" date="2025-07-27T10:08:42.220" >
        <step title="Commit id: 8773620b-a378-445f-b64f-5d7fd614257f" date="2025-07-27T10:08:42.255" Message="OneDeploy" AuthorName="N/A" AuthorEmail="N/A" /><!-- duration: 8ms -->
      </step><!-- duration: 46ms -->
      <step title="Deployment timer started" date="2025-07-27T10:08:44.275" >
        <step title="DeploymentManager.Deploy(id:8773620b-a378-445f-b64f-5d7fd614257f)" date="2025-07-27T10:08:44.284" >
          <step title="Collecting changeset information" date="2025-07-27T10:08:44.303" /><!-- duration: 111ms -->
          <step title="Updating submodules" date="2025-07-27T10:08:44.461" /><!-- duration: 1131ms -->
          <step title="Determining deployment builder" date="2025-07-27T10:08:45.792" >
            <step title="Builder is OneDeployBuilder" date="2025-07-27T10:08:45.808" /><!-- duration: 2ms -->
          </step><!-- duration: 21ms -->
          <step title="PreDeployment: context.CleanOutputPath False" date="2025-07-27T10:08:45.860" >
            <step title="PreDeployment: context.OutputPath /home/site/wwwroot" date="2025-07-27T10:08:45.958" >
              <step title="Building" date="2025-07-27T10:08:46.082" >
                <step title="Executing external process" date="2025-07-27T10:08:46.885" type="process" path="starter.sh" arguments="/opt/Kudu/Scripts/parallel_rsync.sh /tmp/zipdeploy/extracted /home/site/wwwroot 8 /tmp/ False False  " /><!-- duration: 1681ms -->
                <step title="Modified file to trigger a restart of the app container." date="2025-07-27T10:08:49.199" /><!-- duration: 6ms -->
                <step title="Skip function trigger and logicapp sync because function is not enabled." date="2025-07-27T10:08:49.213" /><!-- duration: 4ms -->
                <step title="Purge deployment items" date="2025-07-27T10:08:50.682" >
                  <step title="Remove 3a311141-, Success, received at 07/26/2025 07:25:27" date="2025-07-27T10:08:50.739" /><!-- duration: 3ms -->
                </step><!-- duration: 72ms -->
              </step><!-- duration: 4835ms -->
            </step><!-- duration: 4961ms -->
            <step title="Cleaning up temp files" date="2025-07-27T10:08:50.923" /><!-- duration: 9ms -->
            <step title="Cleaning up temp files" date="2025-07-27T10:08:50.935" /><!-- duration: 505ms -->
            <step title="Reloading status file with latest updates" date="2025-07-27T10:08:51.468" >
              <step title="WebHooksManager.PublishEventAsync: PostDeployment" date="2025-07-27T10:08:51.483" /><!-- duration: 72ms -->
            </step><!-- duration: 94ms -->
            <step title="Cleaning up temporary deployment - fetch deployment was successful" date="2025-07-27T10:08:51.570" /><!-- duration: 7ms -->
          </step><!-- duration: 5824ms -->
        </step><!-- duration: 7409ms -->
        <step title="Outgoing response" date="2025-07-27T10:08:51.704" type="response" statusCode="200" statusText="OK" /><!-- duration: 3ms -->
      </step><!-- duration: 7434ms -->
