<step title="Incoming Request" date="2025-07-26T18:49:01.755" instance="4e34fd" url="/api/publish?type=zip" method="POST" type="request" pid="768,1,15" Accept="*/*" Host="tenant-optimizer-web.scm.azurewebsites.net" User-Agent="AZURECLI/2.75.0 (DEB)" Accept-Encoding="gzip, deflate" Authorization="Bas..." Cache-Control="no-cache" Content-Type="application/octet-stream" Cookie="ARRAffinity=4e34fd1dcf287fe6e10b93d54f0687cf933ff0e6150f35901216ccdf393ab071; ARRAffinitySameSite=4e34fd1dcf287fe6e10b93d54f0687cf933ff0e6150f35901216ccdf393ab071" Content-Length="53587" x-ms-client-request-id="2ea1fd0c-6a51-11f0-ab6d-7ced8d2abadd" x-ms-artifact-checksum="a5aca59eccc52378fdc515aa84adef205d85eaf8e24f9c7603f0fa1ab45e143c" X-ARR-LOG-ID="2ea1fd0c-6a51-11f0-ab6d-7ced8d2abadd" CLIENT-IP="135.232.225.18:3073" X-SITE-DEPLOYMENT-ID="tenant-optimizer-web" WAS-DEFAULT-HOSTNAME="tenant-optimizer-web.scm.azurewebsites.net" X-Forwarded-Proto="https" X-AppService-Proto="https" X-Forwarded-TlsVersion="1.3" X-WAWS-Unencoded-URL="/api/publish?type=zip" X-Client-IP="135.232.225.18" X-Client-Port="3073" >
  <step title="OneDeploy" date="2025-07-26T18:49:01.796" >
    <step title="None repository commit" date="2025-07-26T18:49:01.809" >
      <step title="Commit id: 65b17b2d-4c89-4569-a328-6cc5b64e758b" date="2025-07-26T18:49:01.813" Message="N/A" AuthorName="N/A" AuthorEmail="N/A" /><!-- duration: 5ms -->
    </step><!-- duration: 16ms -->
    <step title="Starting PushDeployAsync" date="2025-07-26T18:49:01.829" /><!-- duration: 4ms -->
    <step title="Writing artifact to /tmp/zipdeploy/8737d091-2ac1-4442-9708-fefdf4c9d126.zip" date="2025-07-26T18:49:01.857" >
      <step title="Writing multipart request body to /tmp/zipdeploy/8737d091-2ac1-4442-9708-fefdf4c9d126.zip" date="2025-07-26T18:49:01.862" /><!-- duration: 5ms -->
    </step><!-- duration: 29ms -->
    <step title="Attempting to fetch target branch HEAD" date="2025-07-26T18:49:01.909" /><!-- duration: 5ms -->
    <step title="Acquiring Deployment Lock" date="2025-07-26T18:49:01.927" /><!-- duration: 4ms -->
    <step title="Acquired Deployment Lock" date="2025-07-26T18:49:02.002" /><!-- duration: 4ms -->
    <step title="Performing fetch based deployment" date="2025-07-26T18:49:02.016" >
      <step title="Creating temporary deployment" date="2025-07-26T18:49:02.019" /><!-- duration: 63ms -->
      <step title="Releasing Deployment Lock" date="2025-07-26T18:49:03.291" /><!-- duration: 9ms -->
      <step title="Cleaning up temp folders from previous zip deployments and extracting pushed zip file /tmp/zipdeploy/8737d091-2ac1-4442-9708-fefdf4c9d126.zip (0.05 MB) to /tmp/zipdeploy/extracted" date="2025-07-26T18:49:03.317" >
        <step title="ChmodRecursive Process exited with total time taken in ms: 39" date="2025-07-26T18:49:03.371" /><!-- duration: 6ms -->
      </step><!-- duration: 72ms -->
      <step title="None repository commit" date="2025-07-26T18:49:03.392" >
        <step title="Commit id: 65b17b2d-4c89-4569-a328-6cc5b64e758b" date="2025-07-26T18:49:03.395" Message="OneDeploy" AuthorName="N/A" AuthorEmail="N/A" /><!-- duration: 4ms -->
      </step><!-- duration: 11ms -->
      <step title="Deployment timer started" date="2025-07-26T18:49:05.409" >
        <step title="DeploymentManager.Deploy(id:65b17b2d-4c89-4569-a328-6cc5b64e758b)" date="2025-07-26T18:49:05.435" >
          <step title="Collecting changeset information" date="2025-07-26T18:49:05.494" /><!-- duration: 128ms -->
          <step title="Updating submodules" date="2025-07-26T18:49:05.634" /><!-- duration: 1224ms -->
          <step title="Determining deployment builder" date="2025-07-26T18:49:07.184" >
            <step title="Builder is OneDeployBuilder" date="2025-07-26T18:49:07.217" /><!-- duration: 2ms -->
          </step><!-- duration: 42ms -->
          <step title="PreDeployment: context.CleanOutputPath False" date="2025-07-26T18:49:07.260" >
            <step title="PreDeployment: context.OutputPath /home/site/wwwroot" date="2025-07-26T18:49:07.365" >
              <step title="Building" date="2025-07-26T18:49:07.551" >
                <step title="Executing external process" date="2025-07-26T18:49:08.011" type="process" path="starter.sh" arguments="/opt/Kudu/Scripts/parallel_rsync.sh /tmp/zipdeploy/extracted /home/site/wwwroot 8 /tmp/ False False  " /><!-- duration: 1688ms -->
                <step title="Modified file to trigger a restart of the app container." date="2025-07-26T18:49:10.025" /><!-- duration: 2ms -->
                <step title="Skip function trigger and logicapp sync because function is not enabled." date="2025-07-26T18:49:10.030" /><!-- duration: 5ms -->
                <step title="Purge deployment items" date="2025-07-26T18:49:11.090" >
                  <step title="Remove temp-ca01, Failed, received at 07/26/2025 18:49:02" date="2025-07-26T18:49:11.137" /><!-- duration: 3ms -->
                  <step title="Remove 9de9c7aa-, Success, received at 07/25/2025 18:27:15" date="2025-07-26T18:49:11.190" /><!-- duration: 3ms -->
                </step><!-- duration: 105ms -->
              </step><!-- duration: 3709ms -->
            </step><!-- duration: 3898ms -->
            <step title="Cleaning up temp files" date="2025-07-26T18:49:11.266" /><!-- duration: 7ms -->
            <step title="Cleaning up temp files" date="2025-07-26T18:49:11.277" /><!-- duration: 508ms -->
            <step title="Reloading status file with latest updates" date="2025-07-26T18:49:11.818" >
              <step title="WebHooksManager.PublishEventAsync: PostDeployment" date="2025-07-26T18:49:11.822" /><!-- duration: 63ms -->
            </step><!-- duration: 70ms -->
            <step title="Cleaning up temporary deployment - fetch deployment was successful" date="2025-07-26T18:49:11.894" /><!-- duration: 3ms -->
          </step><!-- duration: 4707ms -->
        </step><!-- duration: 6543ms -->
        <step title="Outgoing response" date="2025-07-26T18:49:11.985" type="response" statusCode="200" statusText="OK" /><!-- duration: 6ms -->
      </step><!-- duration: 6586ms -->
