<step title="Incoming Request" date="2025-07-27T22:16:56.564" instance="4e34fd" url="/api/publish?type=zip" method="POST" type="request" pid="768,1,14" Accept="*/*" Host="tenant-optimizer-web.scm.azurewebsites.net" User-Agent="AZURECLI/2.75.0 (DEB)" Accept-Encoding="gzip, deflate" Authorization="Bas..." Cache-Control="no-cache" Content-Type="application/octet-stream" Cookie="ARRAffinity=4e34fd1dcf287fe6e10b93d54f0687cf933ff0e6150f35901216ccdf393ab071; ARRAffinitySameSite=4e34fd1dcf287fe6e10b93d54f0687cf933ff0e6150f35901216ccdf393ab071" Content-Length="122890" x-ms-client-request-id="625f7084-6b37-11f0-ab6d-7c1e529c2ca5" x-ms-artifact-checksum="1623332d0b52118aae5af12593d3f900be514f4ef927728e7359b1df15a69105" X-ARR-LOG-ID="625f7084-6b37-11f0-ab6d-7c1e529c2ca5" CLIENT-IP="145.132.101.192:48066" X-SITE-DEPLOYMENT-ID="tenant-optimizer-web" WAS-DEFAULT-HOSTNAME="tenant-optimizer-web.scm.azurewebsites.net" X-Forwarded-Proto="https" X-AppService-Proto="https" X-Forwarded-TlsVersion="1.3" X-WAWS-Unencoded-URL="/api/publish?type=zip" X-Client-IP="145.132.101.192" X-Client-Port="48066" >
  <step title="OneDeploy" date="2025-07-27T22:16:56.623" >
    <step title="None repository commit" date="2025-07-27T22:16:56.645" >
      <step title="Commit id: 5c316030-e34b-4bdc-a817-69c35bacdc33" date="2025-07-27T22:16:56.648" Message="N/A" AuthorName="N/A" AuthorEmail="N/A" /><!-- duration: 2ms -->
    </step><!-- duration: 7ms -->
    <step title="Starting PushDeployAsync" date="2025-07-27T22:16:56.655" /><!-- duration: 2ms -->
    <step title="Writing artifact to /tmp/zipdeploy/eb01fbab-9de7-4f46-8559-429205e28ec4.zip" date="2025-07-27T22:16:56.674" >
      <step title="Writing multipart request body to /tmp/zipdeploy/eb01fbab-9de7-4f46-8559-429205e28ec4.zip" date="2025-07-27T22:16:56.683" /><!-- duration: 2ms -->
    </step><!-- duration: 83ms -->
    <step title="Attempting to fetch target branch HEAD" date="2025-07-27T22:16:56.776" /><!-- duration: 2ms -->
    <step title="Acquiring Deployment Lock" date="2025-07-27T22:16:56.781" /><!-- duration: 2ms -->
    <step title="Acquired Deployment Lock" date="2025-07-27T22:16:56.827" /><!-- duration: 2ms -->
    <step title="Performing fetch based deployment" date="2025-07-27T22:16:56.836" >
      <step title="Creating temporary deployment" date="2025-07-27T22:16:56.839" /><!-- duration: 75ms -->
      <step title="Releasing Deployment Lock - There is NO LOCK HELD | ERROR" date="2025-07-27T22:16:58.091" /><!-- duration: 13ms -->
      <step title="Cleaning up temp folders from previous zip deployments and extracting pushed zip file /tmp/zipdeploy/eb01fbab-9de7-4f46-8559-429205e28ec4.zip (0.12 MB) to /tmp/zipdeploy/extracted" date="2025-07-27T22:16:58.160" >
        <step title="ChmodRecursive Process exited with total time taken in ms: 59" date="2025-07-27T22:16:58.268" /><!-- duration: 5ms -->
      </step><!-- duration: 123ms -->
      <step title="None repository commit" date="2025-07-27T22:16:58.287" >
        <step title="Commit id: 5c316030-e34b-4bdc-a817-69c35bacdc33" date="2025-07-27T22:16:58.290" Message="OneDeploy" AuthorName="N/A" AuthorEmail="N/A" /><!-- duration: 3ms -->
      </step><!-- duration: 8ms -->
      <step title="Deployment timer started" date="2025-07-27T22:17:00.301" >
        <step title="DeploymentManager.Deploy(id:5c316030-e34b-4bdc-a817-69c35bacdc33)" date="2025-07-27T22:17:00.310" >
          <step title="Collecting changeset information" date="2025-07-27T22:17:00.335" /><!-- duration: 91ms -->
          <step title="Updating submodules" date="2025-07-27T22:17:00.465" /><!-- duration: 1233ms -->
          <step title="Determining deployment builder" date="2025-07-27T22:17:02.004" >
            <step title="Builder is OneDeployBuilder" date="2025-07-27T22:17:02.014" /><!-- duration: 5ms -->
          </step><!-- duration: 49ms -->
          <step title="PreDeployment: context.CleanOutputPath False" date="2025-07-27T22:17:02.100" >
            <step title="PreDeployment: context.OutputPath /home/site/wwwroot" date="2025-07-27T22:17:02.277" >
              <step title="Building" date="2025-07-27T22:17:02.415" >
                <step title="Executing external process" date="2025-07-27T22:17:02.963" type="process" path="starter.sh" arguments="/opt/Kudu/Scripts/parallel_rsync.sh /tmp/zipdeploy/extracted /home/site/wwwroot 8 /tmp/ False False  " /><!-- duration: 3237ms -->
                <step title="Modified file to trigger a restart of the app container." date="2025-07-27T22:17:06.551" /><!-- duration: 4ms -->
                <step title="Skip function trigger and logicapp sync because function is not enabled." date="2025-07-27T22:17:06.564" /><!-- duration: 3ms -->
                <step title="Purge deployment items" date="2025-07-27T22:17:07.714" >
                  <step title="Remove temp-256e, Failed, received at 07/27/2025 22:16:56" date="2025-07-27T22:17:07.761" /><!-- duration: 4ms -->
                  <step title="Remove 85ecfb9f-, Success, received at 07/27/2025 05:32:37" date="2025-07-27T22:17:07.813" /><!-- duration: 3ms -->
                </step><!-- duration: 105ms -->
              </step><!-- duration: 5456ms -->
            </step><!-- duration: 5597ms -->
            <step title="Cleaning up temp files" date="2025-07-27T22:17:07.877" /><!-- duration: 137ms -->
            <step title="Cleaning up temp files" date="2025-07-27T22:17:08.017" /><!-- duration: 507ms -->
            <step title="Reloading status file with latest updates" date="2025-07-27T22:17:08.554" >
              <step title="WebHooksManager.PublishEventAsync: PostDeployment" date="2025-07-27T22:17:08.559" /><!-- duration: 110ms -->
            </step><!-- duration: 119ms -->
            <step title="Cleaning up temporary deployment - fetch deployment was successful" date="2025-07-27T22:17:08.698" /><!-- duration: 6ms -->
          </step><!-- duration: 6677ms -->
        </step><!-- duration: 8475ms -->
        <step title="Outgoing response" date="2025-07-27T22:17:08.850" type="response" statusCode="200" statusText="OK" /><!-- duration: 3ms -->
      </step><!-- duration: 8555ms -->
