<step title="Incoming Request" date="2025-07-27T05:32:32.398" instance="4e34fd" url="/api/publish?type=zip" method="POST" type="request" pid="767,1,5" Accept="*/*" Host="tenant-optimizer-web.scm.azurewebsites.net" User-Agent="AZURECLI/2.75.0 (DEB)" Accept-Encoding="gzip, deflate" Authorization="Bas..." Cache-Control="no-cache" Content-Type="application/octet-stream" Cookie="ARRAffinity=4e34fd1dcf287fe6e10b93d54f0687cf933ff0e6150f35901216ccdf393ab071; ARRAffinitySameSite=4e34fd1dcf287fe6e10b93d54f0687cf933ff0e6150f35901216ccdf393ab071" Content-Length="53771" x-ms-client-request-id="11ff736e-6aab-11f0-ab6d-002248285e57" x-ms-artifact-checksum="d5d165d7f8dec35683912668baa3222d32a686c98eab8cb8a620957d5c56725e" X-ARR-LOG-ID="11ff736e-6aab-11f0-ab6d-002248285e57" CLIENT-IP="4.236.159.129:30720" X-SITE-DEPLOYMENT-ID="tenant-optimizer-web" WAS-DEFAULT-HOSTNAME="tenant-optimizer-web.scm.azurewebsites.net" X-Forwarded-Proto="https" X-AppService-Proto="https" X-Forwarded-TlsVersion="1.3" X-WAWS-Unencoded-URL="/api/publish?type=zip" X-Client-IP="4.236.159.129" X-Client-Port="30720" >
  <step title="OneDeploy" date="2025-07-27T05:32:33.280" >
    <step title="None repository commit" date="2025-07-27T05:32:33.297" >
      <step title="Commit id: 85ecfb9f-bde1-4d7e-bbca-83b53ba11b2c" date="2025-07-27T05:32:33.405" Message="N/A" AuthorName="N/A" AuthorEmail="N/A" /><!-- duration: 2ms -->
    </step><!-- duration: 113ms -->
    <step title="Starting PushDeployAsync" date="2025-07-27T05:32:33.412" /><!-- duration: 2ms -->
    <step title="Writing artifact to /tmp/zipdeploy/5c210b22-94b6-4dea-8d41-6c8cb0cb31bb.zip" date="2025-07-27T05:32:33.471" >
      <step title="Writing multipart request body to /tmp/zipdeploy/5c210b22-94b6-4dea-8d41-6c8cb0cb31bb.zip" date="2025-07-27T05:32:33.480" /><!-- duration: 2ms -->
    </step><!-- duration: 48ms -->
    <step title="Attempting to fetch target branch HEAD" date="2025-07-27T05:32:33.583" /><!-- duration: 13ms -->
    <step title="Acquiring Deployment Lock" date="2025-07-27T05:32:33.604" /><!-- duration: 5ms -->
    <step title="Acquired Deployment Lock" date="2025-07-27T05:32:33.676" /><!-- duration: 2ms -->
    <step title="Performing fetch based deployment" date="2025-07-27T05:32:33.684" >
      <step title="Creating temporary deployment" date="2025-07-27T05:32:33.691" /><!-- duration: 76ms -->
      <step title="Releasing Deployment Lock" date="2025-07-27T05:32:34.989" /><!-- duration: 8ms -->
      <step title="Cleaning up temp folders from previous zip deployments and extracting pushed zip file /tmp/zipdeploy/5c210b22-94b6-4dea-8d41-6c8cb0cb31bb.zip (0.05 MB) to /tmp/zipdeploy/extracted" date="2025-07-27T05:32:35.019" >
        <step title="ChmodRecursive Process exited with total time taken in ms: 38" date="2025-07-27T05:32:35.097" /><!-- duration: 4ms -->
      </step><!-- duration: 91ms -->
      <step title="None repository commit" date="2025-07-27T05:32:35.113" >
        <step title="Commit id: 85ecfb9f-bde1-4d7e-bbca-83b53ba11b2c" date="2025-07-27T05:32:35.115" Message="OneDeploy" AuthorName="N/A" AuthorEmail="N/A" /><!-- duration: 2ms -->
      </step><!-- duration: 7ms -->
      <step title="Deployment timer started" date="2025-07-27T05:32:37.155" >
        <step title="DeploymentManager.Deploy(id:85ecfb9f-bde1-4d7e-bbca-83b53ba11b2c)" date="2025-07-27T05:32:37.180" >
          <step title="Collecting changeset information" date="2025-07-27T05:32:37.203" /><!-- duration: 80ms -->
          <step title="Updating submodules" date="2025-07-27T05:32:37.290" /><!-- duration: 1125ms -->
          <step title="Determining deployment builder" date="2025-07-27T05:32:38.611" >
            <step title="Builder is OneDeployBuilder" date="2025-07-27T05:32:38.628" /><!-- duration: 3ms -->
          </step><!-- duration: 27ms -->
          <step title="PreDeployment: context.CleanOutputPath False" date="2025-07-27T05:32:38.680" >
            <step title="PreDeployment: context.OutputPath /home/site/wwwroot" date="2025-07-27T05:32:38.766" >
              <step title="Building" date="2025-07-27T05:32:38.868" >
                <step title="Executing external process" date="2025-07-27T05:32:39.303" type="process" path="starter.sh" arguments="/opt/Kudu/Scripts/parallel_rsync.sh /tmp/zipdeploy/extracted /home/site/wwwroot 8 /tmp/ False False  " /><!-- duration: 2415ms -->
                <step title="Modified file to trigger a restart of the app container." date="2025-07-27T05:32:42.143" /><!-- duration: 3ms -->
                <step title="Skip function trigger and logicapp sync because function is not enabled." date="2025-07-27T05:32:42.150" /><!-- duration: 7ms -->
                <step title="Purge deployment items" date="2025-07-27T05:32:42.959" >
                  <step title="Remove 676b8e9e-, Success, received at 07/26/2025 05:25:16" date="2025-07-27T05:32:43.012" /><!-- duration: 2ms -->
                </step><!-- duration: 57ms -->
              </step><!-- duration: 4196ms -->
            </step><!-- duration: 4300ms -->
            <step title="Cleaning up temp files" date="2025-07-27T05:32:43.069" /><!-- duration: 6ms -->
            <step title="Cleaning up temp files" date="2025-07-27T05:32:43.077" /><!-- duration: 527ms -->
            <step title="Reloading status file with latest updates" date="2025-07-27T05:32:43.629" >
              <step title="WebHooksManager.PublishEventAsync: PostDeployment" date="2025-07-27T05:32:43.637" /><!-- duration: 46ms -->
            </step><!-- duration: 57ms -->
            <step title="Cleaning up temporary deployment - fetch deployment was successful" date="2025-07-27T05:32:43.691" /><!-- duration: 3ms -->
          </step><!-- duration: 5103ms -->
        </step><!-- duration: 6609ms -->
        <step title="Outgoing response" date="2025-07-27T05:32:43.797" type="response" statusCode="200" statusText="OK" /><!-- duration: 3ms -->
      </step><!-- duration: 6648ms -->
