<step title="Incoming Request" date="2025-07-27T20:24:07.429" instance="4e34fd" url="/api/publish?type=zip" method="POST" type="request" pid="768,1,7" Accept="*/*" Host="tenant-optimizer-web.scm.azurewebsites.net" User-Agent="AZURECLI/2.75.0 (DEB)" Accept-Encoding="gzip, deflate" Authorization="Bas..." Cache-Control="no-cache" Content-Type="application/octet-stream" Cookie="ARRAffinity=4e34fd1dcf287fe6e10b93d54f0687cf933ff0e6150f35901216ccdf393ab071; ARRAffinitySameSite=4e34fd1dcf287fe6e10b93d54f0687cf933ff0e6150f35901216ccdf393ab071" Content-Length="123777" x-ms-client-request-id="a0040838-6b27-11f0-ab6d-000d3a1c7a60" x-ms-artifact-checksum="5a141f0892f4b77aa0fa06a2ec3f425a64c4c95d3accead12f573e3758f89945" X-ARR-LOG-ID="a0040838-6b27-11f0-ab6d-000d3a1c7a60" CLIENT-IP="172.178.118.193:12297" X-SITE-DEPLOYMENT-ID="tenant-optimizer-web" WAS-DEFAULT-HOSTNAME="tenant-optimizer-web.scm.azurewebsites.net" X-Forwarded-Proto="https" X-AppService-Proto="https" X-Forwarded-TlsVersion="1.3" X-WAWS-Unencoded-URL="/api/publish?type=zip" X-Client-IP="172.178.118.193" X-Client-Port="12297" >
  <step title="OneDeploy" date="2025-07-27T20:24:07.462" >
    <step title="None repository commit" date="2025-07-27T20:24:07.470" >
      <step title="Commit id: 88bb54de-09dd-4182-8587-8f0dd1fabde4" date="2025-07-27T20:24:07.473" Message="N/A" AuthorName="N/A" AuthorEmail="N/A" /><!-- duration: 3ms -->
    </step><!-- duration: 7ms -->
    <step title="Starting PushDeployAsync" date="2025-07-27T20:24:07.481" /><!-- duration: 20ms -->
    <step title="Writing artifact to /tmp/zipdeploy/b2b7656d-d5ed-4795-bc6a-4e4a97f4fba5.zip" date="2025-07-27T20:24:07.516" >
      <step title="Writing multipart request body to /tmp/zipdeploy/b2b7656d-d5ed-4795-bc6a-4e4a97f4fba5.zip" date="2025-07-27T20:24:07.520" /><!-- duration: 4ms -->
    </step><!-- duration: 96ms -->
    <step title="Attempting to fetch target branch HEAD" date="2025-07-27T20:24:07.620" /><!-- duration: 2ms -->
    <step title="Acquiring Deployment Lock" date="2025-07-27T20:24:07.626" /><!-- duration: 3ms -->
    <step title="Acquired Deployment Lock" date="2025-07-27T20:24:07.663" /><!-- duration: 4ms -->
    <step title="Performing fetch based deployment" date="2025-07-27T20:24:07.676" >
      <step title="Creating temporary deployment" date="2025-07-27T20:24:07.678" /><!-- duration: 49ms -->
      <step title="Releasing Deployment Lock" date="2025-07-27T20:24:08.870" /><!-- duration: 9ms -->
      <step title="Cleaning up temp folders from previous zip deployments and extracting pushed zip file /tmp/zipdeploy/b2b7656d-d5ed-4795-bc6a-4e4a97f4fba5.zip (0.12 MB) to /tmp/zipdeploy/extracted" date="2025-07-27T20:24:08.915" >
        <step title="ChmodRecursive Process exited with total time taken in ms: 21" date="2025-07-27T20:24:08.949" /><!-- duration: 3ms -->
      </step><!-- duration: 40ms -->
      <step title="None repository commit" date="2025-07-27T20:24:08.961" >
        <step title="Commit id: 88bb54de-09dd-4182-8587-8f0dd1fabde4" date="2025-07-27T20:24:08.965" Message="OneDeploy" AuthorName="N/A" AuthorEmail="N/A" /><!-- duration: 8ms -->
      </step><!-- duration: 14ms -->
      <step title="Deployment timer started" date="2025-07-27T20:24:10.980" >
        <step title="DeploymentManager.Deploy(id:88bb54de-09dd-4182-8587-8f0dd1fabde4)" date="2025-07-27T20:24:10.990" >
          <step title="Collecting changeset information" date="2025-07-27T20:24:11.015" /><!-- duration: 144ms -->
          <step title="Updating submodules" date="2025-07-27T20:24:11.174" /><!-- duration: 1148ms -->
          <step title="Determining deployment builder" date="2025-07-27T20:24:12.500" >
            <step title="Builder is OneDeployBuilder" date="2025-07-27T20:24:12.515" /><!-- duration: 4ms -->
          </step><!-- duration: 23ms -->
          <step title="PreDeployment: context.CleanOutputPath False" date="2025-07-27T20:24:12.559" >
            <step title="PreDeployment: context.OutputPath /home/site/wwwroot" date="2025-07-27T20:24:12.898" >
              <step title="Building" date="2025-07-27T20:24:12.973" >
                <step title="Executing external process" date="2025-07-27T20:24:13.230" type="process" path="starter.sh" arguments="/opt/Kudu/Scripts/parallel_rsync.sh /tmp/zipdeploy/extracted /home/site/wwwroot 8 /tmp/ False False  " /><!-- duration: 2045ms -->
                <step title="Modified file to trigger a restart of the app container." date="2025-07-27T20:24:15.471" /><!-- duration: 3ms -->
                <step title="Skip function trigger and logicapp sync because function is not enabled." date="2025-07-27T20:24:15.478" /><!-- duration: 2ms -->
                <step title="Purge deployment items" date="2025-07-27T20:24:16.296" >
                  <step title="Remove temp-9e85, Failed, received at 07/27/2025 20:24:07" date="2025-07-27T20:24:16.359" /><!-- duration: 6ms -->
                  <step title="Remove 98dbaf6e-, Success, received at 07/26/2025 17:13:58" date="2025-07-27T20:24:16.418" /><!-- duration: 6ms -->
                </step><!-- duration: 131ms -->
              </step><!-- duration: 3515ms -->
            </step><!-- duration: 3594ms -->
            <step title="Cleaning up temp files" date="2025-07-27T20:24:16.497" /><!-- duration: 8ms -->
            <step title="Cleaning up temp files" date="2025-07-27T20:24:16.509" /><!-- duration: 504ms -->
            <step title="Reloading status file with latest updates" date="2025-07-27T20:24:17.049" >
              <step title="WebHooksManager.PublishEventAsync: PostDeployment" date="2025-07-27T20:24:17.055" /><!-- duration: 41ms -->
            </step><!-- duration: 53ms -->
            <step title="Cleaning up temporary deployment - fetch deployment was successful" date="2025-07-27T20:24:17.110" /><!-- duration: 4ms -->
          </step><!-- duration: 4619ms -->
        </step><!-- duration: 6196ms -->
        <step title="Outgoing response" date="2025-07-27T20:24:17.191" type="response" statusCode="200" statusText="OK" /><!-- duration: 3ms -->
      </step><!-- duration: 6217ms -->
