<step title="Incoming Request" date="2025-07-27T08:42:18.564" instance="4e34fd" url="/api/publish?type=zip" method="POST" type="request" pid="767,1,14" Accept="*/*" Host="tenant-optimizer-web.scm.azurewebsites.net" User-Agent="AZURECLI/2.75.0 (DEB)" Accept-Encoding="gzip, deflate" Authorization="Bas..." Cache-Control="no-cache" Content-Type="application/octet-stream" Cookie="ARRAffinity=4e34fd1dcf287fe6e10b93d54f0687cf933ff0e6150f35901216ccdf393ab071; ARRAffinitySameSite=4e34fd1dcf287fe6e10b93d54f0687cf933ff0e6150f35901216ccdf393ab071" Content-Length="53896" x-ms-client-request-id="92324d58-6ac5-11f0-ab6d-6045bd07d03f" x-ms-artifact-checksum="4ac70f88c7633129bde410e903059472c08d279917a198e82f17fd64cea30ff5" X-ARR-LOG-ID="92324d58-6ac5-11f0-ab6d-6045bd07d03f" CLIENT-IP="172.184.211.241:61449" X-SITE-DEPLOYMENT-ID="tenant-optimizer-web" WAS-DEFAULT-HOSTNAME="tenant-optimizer-web.scm.azurewebsites.net" X-Forwarded-Proto="https" X-AppService-Proto="https" X-Forwarded-TlsVersion="1.3" X-WAWS-Unencoded-URL="/api/publish?type=zip" X-Client-IP="172.184.211.241" X-Client-Port="61449" >
  <step title="OneDeploy" date="2025-07-27T08:42:18.657" >
    <step title="None repository commit" date="2025-07-27T08:42:18.672" >
      <step title="Commit id: c84b8de3-7ed7-403d-b53d-9919064a3b60" date="2025-07-27T08:42:18.676" Message="N/A" AuthorName="N/A" AuthorEmail="N/A" /><!-- duration: 3ms -->
    </step><!-- duration: 9ms -->
    <step title="Starting PushDeployAsync" date="2025-07-27T08:42:18.684" /><!-- duration: 3ms -->
    <step title="Writing artifact to /tmp/zipdeploy/982240b4-17ec-4cef-b882-17eb9ac2e08a.zip" date="2025-07-27T08:42:18.704" >
      <step title="Writing multipart request body to /tmp/zipdeploy/982240b4-17ec-4cef-b882-17eb9ac2e08a.zip" date="2025-07-27T08:42:18.709" /><!-- duration: 5ms -->
    </step><!-- duration: 109ms -->
    <step title="Attempting to fetch target branch HEAD" date="2025-07-27T08:42:18.828" /><!-- duration: 30ms -->
    <step title="Acquiring Deployment Lock" date="2025-07-27T08:42:18.866" /><!-- duration: 3ms -->
    <step title="Acquired Deployment Lock" date="2025-07-27T08:42:18.918" /><!-- duration: 3ms -->
    <step title="Performing fetch based deployment" date="2025-07-27T08:42:18.956" >
      <step title="Creating temporary deployment" date="2025-07-27T08:42:18.966" /><!-- duration: 93ms -->
      <step title="Releasing Deployment Lock" date="2025-07-27T08:42:20.311" /><!-- duration: 4ms -->
      <step title="Cleaning up temp folders from previous zip deployments and extracting pushed zip file /tmp/zipdeploy/982240b4-17ec-4cef-b882-17eb9ac2e08a.zip (0.05 MB) to /tmp/zipdeploy/extracted" date="2025-07-27T08:42:20.406" >
        <step title="ChmodRecursive Process exited with total time taken in ms: 84" date="2025-07-27T08:42:20.591" /><!-- duration: 14ms -->
      </step><!-- duration: 250ms -->
      <step title="None repository commit" date="2025-07-27T08:42:20.668" >
        <step title="Commit id: c84b8de3-7ed7-403d-b53d-9919064a3b60" date="2025-07-27T08:42:20.682" Message="OneDeploy" AuthorName="N/A" AuthorEmail="N/A" /><!-- duration: 14ms -->
      </step><!-- duration: 39ms -->
      <step title="Deployment timer started" date="2025-07-27T08:42:22.760" >
        <step title="DeploymentManager.Deploy(id:c84b8de3-7ed7-403d-b53d-9919064a3b60)" date="2025-07-27T08:42:22.777" >
          <step title="Collecting changeset information" date="2025-07-27T08:42:22.802" /><!-- duration: 151ms -->
          <step title="Updating submodules" date="2025-07-27T08:42:22.963" /><!-- duration: 1151ms -->
          <step title="Determining deployment builder" date="2025-07-27T08:42:24.410" >
            <step title="Builder is OneDeployBuilder" date="2025-07-27T08:42:24.463" /><!-- duration: 4ms -->
          </step><!-- duration: 66ms -->
          <step title="PreDeployment: context.CleanOutputPath False" date="2025-07-27T08:42:24.555" >
            <step title="PreDeployment: context.OutputPath /home/site/wwwroot" date="2025-07-27T08:42:24.672" >
              <step title="Building" date="2025-07-27T08:42:24.803" >
                <step title="Executing external process" date="2025-07-27T08:42:25.505" type="process" path="starter.sh" arguments="/opt/Kudu/Scripts/parallel_rsync.sh /tmp/zipdeploy/extracted /home/site/wwwroot 8 /tmp/ False False  " /><!-- duration: 2318ms -->
                <step title="Modified file to trigger a restart of the app container." date="2025-07-27T08:42:28.145" /><!-- duration: 3ms -->
                <step title="Skip function trigger and logicapp sync because function is not enabled." date="2025-07-27T08:42:28.151" /><!-- duration: 5ms -->
                <step title="Purge deployment items" date="2025-07-27T08:42:29.222" >
                  <step title="Remove temp-c594, Failed, received at 07/27/2025 08:42:18" date="2025-07-27T08:42:29.275" /><!-- duration: 5ms -->
                  <step title="Remove e097f67f-, Success, received at 07/26/2025 06:21:41" date="2025-07-27T08:42:29.331" /><!-- duration: 6ms -->
                </step><!-- duration: 118ms -->
              </step><!-- duration: 4593ms -->
            </step><!-- duration: 4728ms -->
            <step title="Cleaning up temp files" date="2025-07-27T08:42:29.402" /><!-- duration: 3ms -->
            <step title="Cleaning up temp files" date="2025-07-27T08:42:29.410" /><!-- duration: 503ms -->
            <step title="Reloading status file with latest updates" date="2025-07-27T08:42:29.945" >
              <step title="WebHooksManager.PublishEventAsync: PostDeployment" date="2025-07-27T08:42:29.949" /><!-- duration: 52ms -->
            </step><!-- duration: 58ms -->
            <step title="Cleaning up temporary deployment - fetch deployment was successful" date="2025-07-27T08:42:30.011" /><!-- duration: 2ms -->
          </step><!-- duration: 5533ms -->
        </step><!-- duration: 7319ms -->
        <step title="Outgoing response" date="2025-07-27T08:42:30.103" type="response" statusCode="200" statusText="OK" /><!-- duration: 2ms -->
      </step><!-- duration: 7348ms -->
