﻿<?xml version="1.0" encoding="utf-8"?>
<deployment>
  <id>87a7bfb7-7c0b-4518-8c3f-608d3ef5aefc</id>
  <author>N/A</author>
  <deployer>OneDeploy</deployer>
  <authorEmail>N/A</authorEmail>
  <message>OneDeploy</message>
  <progress></progress>
  <status>Success</status>
  <statusText></statusText>
  <lastSuccessEndTime>2025-07-29T07:06:26.4149656Z</lastSuccessEndTime>
  <receivedTime>2025-07-29T07:06:21.6883598Z</receivedTime>
  <startTime>2025-07-29T07:06:23.0597847Z</startTime>
  <endTime>2025-07-29T07:06:26.4149656Z</endTime>
  <complete>True</complete>
  <is_temp>False</is_temp>
  <is_readonly>True</is_readonly>
  <buildSummary />
</deployment>